condition,child_index,cumulative_regret,retention_7d_percent,distress_events,accuracy,accuracy_first10,accuracy_last10,learning_gain,completion_rate,final_mastery
full_aura,0,2.9109,94.8,0,0.975,0.98,0.98,0.0,1.0,0.9656862745098039
fixed_interest_theme,0,0.3056,94.8,0,0.985,0.98,0.98,0.0,1.0,0.9754901960784313
fixed_interaction_mode,0,0.719,94.8,0,0.985,0.98,0.98,0.0,1.0,0.9754901960784313
full_aura,1,15.6141,94.8,1,0.8928571428571429,0.717391304347826,0.98,0.26260869565217393,0.975,0.8849999999999999
fixed_interest_theme,1,7.8975,94.8,1,0.9285714285714286,0.7608695652173914,0.98,0.21913043478260863,0.975,0.92
fixed_interaction_mode,1,0.369,94.8,0,0.97,0.94,0.98,0.040000000000000036,1.0,0.9607843137254902
full_aura,2,0.0118,94.8,0,0.99,0.98,1.0,0.020000000000000018,1.0,0.9803921568627451
fixed_interest_theme,2,0.0,94.8,0,0.99,0.98,1.0,0.020000000000000018,1.0,0.9803921568627451
fixed_interaction_mode,2,1.6855,94.8,0,0.985,0.96,1.0,0.040000000000000036,1.0,0.9754901960784313
full_aura,3,20.9246,26.9,0,0.6184971098265896,0.6,0.6530612244897959,0.05306122448979589,0.9428571428571428,0.6158192090395479
fixed_interest_theme,3,15.1791,26.9,0,0.6878612716763006,0.625,0.6744186046511628,0.04941860465116277,0.9444444444444444,0.6836158192090396
fixed_interaction_mode,3,21.5511,26.9,0,0.6204819277108434,0.6444444444444445,0.6428571428571429,-0.0015873015873015817,0.8857142857142857,0.6176470588235292
full_aura,4,8.0851,94.8,0,0.898989898989899,0.6875,0.94,0.25249999999999995,0.975,0.8910891089108911
fixed_interest_theme,4,7.7531,94.8,0,0.9430051813471503,0.813953488372093,0.94,0.12604651162790692,0.95,0.934010152284264
fixed_interaction_mode,4,0.0,94.8,0,0.99,1.0,0.98,-0.020000000000000018,1.0,0.9803921568627451
full_aura,5,1.5649,94.8,0,0.955,0.92,0.96,0.039999999999999925,1.0,0.946078431372549
fixed_interest_theme,5,4.0791,94.8,0,0.9692307692307692,0.92,0.98,0.05999999999999994,0.975,0.9597989949748744
fixed_interaction_mode,5,4.8888,94.8,0,0.9396984924623115,0.86,0.98,0.12,0.975,0.9310344827586207
full_aura,6,2.2811,94.8,0,0.9333333333333333,0.8888888888888888,0.94,0.05111111111111111,1.0,0.9246231155778895
fixed_interest_theme,6,7.5319,94.8,1,0.9195979899497487,0.7346938775510204,0.98,0.24530612244897954,0.975,0.9113300492610837
fixed_interaction_mode,6,3.6426,94.8,0,0.9346733668341709,0.7959183673469388,0.98,0.1840816326530612,0.975,0.9261083743842364
full_aura,7,15.9168,26.9,6,0.7307692307692307,0.5263157894736842,0.86,0.3336842105263158,0.9189189189189189,0.7258064516129029
fixed_interest_theme,7,31.2815,94.8,10,0.5612903225806452,0.4117647058823529,0.6190476190476191,0.20728291316526615,0.75,0.5597484276729564
fixed_interaction_mode,7,22.5673,94.8,7,0.5844155844155844,0.4411764705882353,0.7755102040816326,0.33433373349339734,0.8235294117647058,0.5822784810126581
full_aura,8,0.171,94.8,0,0.98,0.98,0.96,-0.020000000000000018,1.0,0.9705882352941176
fixed_interest_theme,8,3.9542,94.8,0,0.965,0.96,0.94,-0.020000000000000018,1.0,0.9558823529411765
fixed_interaction_mode,8,8.412,26.9,2,0.9090909090909091,0.6756756756756757,0.94,0.2643243243243243,0.9487179487179487,0.900523560209424
full_aura,9,0.0,94.8,0,0.98,0.96,1.0,0.040000000000000036,1.0,0.9705882352941176
fixed_interest_theme,9,3.3578,94.8,1,0.9540816326530612,0.88,1.0,0.12,0.975,0.945
fixed_interaction_mode,9,9.0195,94.8,4,0.8967391304347826,0.5294117647058824,0.98,0.4505882352941176,0.9230769230769231,0.8882978723404256
full_aura,10,2.4255,26.9,0,0.9538461538461539,0.8888888888888888,0.98,0.09111111111111114,1.0,0.9447236180904522
fixed_interest_theme,10,5.2865,26.9,0,0.9435897435897436,0.8444444444444444,0.98,0.13555555555555554,1.0,0.9346733668341707
fixed_interaction_mode,10,24.2091,94.8,0,0.8440860215053764,0.78,0.88,0.09999999999999998,0.9736842105263158,0.8368421052631579
full_aura,11,1.1193,26.9,0,0.9692307692307692,0.9111111111111111,0.96,0.04888888888888887,0.975,0.9597989949748744
fixed_interest_theme,11,0.0218,26.9,0,0.95,0.92,0.98,0.05999999999999994,1.0,0.9411764705882352
fixed_interaction_mode,11,1.4361,26.9,0,0.9692307692307692,0.9111111111111111,0.96,0.04888888888888887,0.975,0.9597989949748744
full_aura,12,32.2309,89.8,3,0.6976744186046512,0.6818181818181818,0.7111111111111111,0.02929292929292937,0.8,0.6931818181818177
fixed_interest_theme,12,32.9972,1.0,5,0.6513157894736842,0.6590909090909091,0.6666666666666666,0.007575757575757569,0.7297297297297297,0.6474358974358974
fixed_interaction_mode,12,25.4764,94.8,0,0.8181818181818182,0.8,0.88,0.07999999999999996,0.975,0.8118811881188115
full_aura,13,2.9072,94.8,0,0.98,1.0,0.98,-0.020000000000000018,1.0,0.9705882352941176
fixed_interest_theme,13,1.0249,94.8,0,0.98,1.0,0.98,-0.020000000000000018,1.0,0.9705882352941176
fixed_interaction_mode,13,0.0,94.8,0,0.98,1.0,0.98,-0.020000000000000018,1.0,0.9705882352941176
full_aura,14,21.9488,26.9,1,0.7696629213483146,0.675,0.86,0.18499999999999994,0.9459459459459459,0.7637362637362637
fixed_interest_theme,14,42.2053,94.8,10,0.56875,0.6,0.6444444444444445,0.04444444444444451,0.8285714285714285,0.5670731707317073
fixed_interaction_mode,14,10.0423,94.8,0,0.8974358974358975,0.7777777777777778,0.94,0.16222222222222216,1.0,0.8894472361809044
full_aura,15,9.5778,94.8,0,0.8923076923076924,0.78,0.94,0.15999999999999992,1.0,0.8844221105527637
fixed_interest_theme,15,11.1267,94.8,0,0.8835978835978836,0.7073170731707317,0.96,0.2526829268292683,0.9487179487179487,0.8756476683937824
fixed_interaction_mode,15,13.9939,94.8,0,0.88,0.8,0.96,0.15999999999999992,1.0,0.8725490196078433
full_aura,16,23.0113,94.8,0,0.825,0.76,0.96,0.19999999999999996,1.0,0.8186274509803921
fixed_interest_theme,16,0.3156,94.8,0,0.97,1.0,0.96,-0.040000000000000036,1.0,0.9607843137254902
fixed_interaction_mode,16,49.4157,80.6,1,0.6684491978609626,0.7,0.6,-0.09999999999999998,0.8974358974358975,0.6649214659685865
full_aura,17,9.4765,94.8,0,0.90625,0.7619047619047619,0.96,0.1980952380952381,0.95,0.8979591836734694
fixed_interest_theme,17,10.3795,94.8,0,0.8958333333333334,0.7142857142857143,0.96,0.24571428571428566,0.95,0.8877551020408162
fixed_interaction_mode,17,6.0413,94.8,0,0.9282051282051282,0.8444444444444444,0.98,0.13555555555555554,0.975,0.9195979899497487
full_aura,18,22.0486,24.2,0,0.7333333333333333,0.72,0.72,0.0,1.0,0.7286432160804022
fixed_interest_theme,18,21.8384,94.8,0,0.75,0.72,0.74,0.020000000000000018,1.0,0.7450980392156865
fixed_interaction_mode,18,8.3771,94.8,0,0.865,0.88,0.8,-0.07999999999999996,1.0,0.8578431372549018
full_aura,19,8.823,26.9,2,0.9230769230769231,0.8,0.96,0.15999999999999992,1.0,0.914572864321608
fixed_interest_theme,19,4.1531,94.8,0,0.945,0.9,0.96,0.05999999999999994,1.0,0.9362745098039216
fixed_interaction_mode,19,3.0897,94.8,0,0.95,0.92,0.96,0.039999999999999925,1.0,0.9411764705882353
full_aura,20,10.6094,94.8,0,0.92,0.82,0.98,0.16000000000000003,1.0,0.9117647058823529
fixed_interest_theme,20,31.8738,19.5,1,0.7837837837837838,0.6444444444444445,0.8222222222222222,0.1777777777777777,0.9473684210526316,0.7777777777777778
fixed_interaction_mode,20,45.5691,94.8,4,0.6549707602339181,0.575,0.75,0.17500000000000004,0.8888888888888888,0.6514285714285711
full_aura,21,9.5346,94.8,1,0.8983957219251337,0.5945945945945946,0.98,0.38540540540540535,0.9,0.8900523560209422
fixed_interest_theme,21,29.1351,94.8,0,0.7888888888888889,0.7380952380952381,0.8222222222222222,0.08412698412698405,0.9210526315789473,0.782608695652174
fixed_interaction_mode,21,2.1424,94.8,0,0.9441624365482234,0.9148936170212766,0.92,0.005106382978723456,0.975,0.9353233830845773
full_aura,22,7.0106,94.8,0,0.95,0.88,0.98,0.09999999999999998,1.0,0.9411764705882353
fixed_interest_theme,22,15.0712,94.8,0,0.8877551020408163,0.8367346938775511,0.8936170212765957,0.05688232739904464,0.95,0.8799999999999999
fixed_interaction_mode,22,4.7642,94.8,0,0.955,0.88,1.0,0.12,1.0,0.946078431372549
full_aura,23,7.7018,94.8,0,0.95,0.92,0.96,0.039999999999999925,1.0,0.9411764705882353
fixed_interest_theme,23,7.1167,94.8,0,0.9114583333333334,0.7857142857142857,0.98,0.19428571428571428,0.9743589743589743,0.9030612244897959
fixed_interaction_mode,23,1.374,94.8,0,0.97,0.96,0.96,0.0,1.0,0.9607843137254902
full_aura,24,2.3463,94.8,0,0.965,0.96,1.0,0.040000000000000036,1.0,0.9558823529411765
fixed_interest_theme,24,3.2516,94.8,0,0.955,0.94,1.0,0.06000000000000005,1.0,0.946078431372549
fixed_interaction_mode,24,4.1118,94.8,0,0.935,0.82,1.0,0.18000000000000005,1.0,0.9264705882352942
full_aura,25,8.3166,94.8,0,0.9343434343434344,0.8541666666666666,0.98,0.12583333333333335,0.975,0.9257425742574258
fixed_interest_theme,25,5.1916,94.8,0,0.935,0.9,0.94,0.039999999999999925,1.0,0.9264705882352942
fixed_interaction_mode,25,22.19,94.8,1,0.8636363636363636,0.7708333333333334,0.98,0.2091666666666666,0.975,0.8564356435643563
full_aura,26,0.5751,94.8,0,0.96,0.94,1.0,0.06000000000000005,1.0,0.9509803921568626
fixed_interest_theme,26,0.0,94.8,0,0.965,0.96,1.0,0.040000000000000036,1.0,0.9558823529411765
fixed_interaction_mode,26,0.0,94.8,0,0.965,0.96,1.0,0.040000000000000036,1.0,0.9558823529411765
full_aura,27,8.1612,94.8,0,0.9242424242424242,0.8775510204081632,0.9,0.022448979591836782,0.95,0.9158415841584157
fixed_interest_theme,27,38.7786,94.8,0,0.7351351351351352,0.7272727272727273,0.88,0.1527272727272727,0.8717948717948718,0.73015873015873
fixed_interaction_mode,27,22.622,94.8,1,0.8205128205128205,0.76,0.86,0.09999999999999998,1.0,0.8140703517587938
full_aura,28,22.3887,94.8,1,0.868421052631579,0.8888888888888888,0.9555555555555556,0.06666666666666676,0.95,0.8608247422680413
fixed_interest_theme,28,6.8955,94.8,0,0.9384615384615385,0.875,0.9787234042553191,0.10372340425531912,0.95,0.92964824120603
fixed_interaction_mode,28,10.7514,94.8,0,0.9135135135135135,0.825,0.9555555555555556,0.13055555555555565,0.9487179487179487,0.9047619047619048
full_aura,29,8.9245,94.8,0,0.9278350515463918,0.8979591836734694,0.98,0.0820408163265306,0.9743589743589743,0.9191919191919192
fixed_interest_theme,29,31.5938,94.8,2,0.8586956521739131,0.8571428571428571,0.88,0.02285714285714291,0.8974358974358975,0.8510638297872342
fixed_interaction_mode,29,0.5363,94.8,0,0.985,0.98,1.0,0.020000000000000018,1.0,0.9754901960784313
full_aura,30,6.1882,26.9,0,0.9319371727748691,0.9024390243902439,0.92,0.017560975609756113,0.95,0.9230769230769231
fixed_interest_theme,30,1.3615,26.9,0,0.9476439790575916,0.926829268292683,0.92,-0.006829268292682933,0.95,0.9384615384615385
fixed_interaction_mode,30,38.1924,94.8,7,0.6792452830188679,0.6571428571428571,0.8297872340425532,0.17264437689969603,0.7837837837837838,0.6748466257668715
full_aura,31,0.9354,94.8,0,0.985,1.0,0.98,-0.020000000000000018,1.0,0.9754901960784313
fixed_interest_theme,31,21.5715,94.8,0,0.8631578947368421,0.82,0.96,0.14,1.0,0.8556701030927837
fixed_interaction_mode,31,7.8639,94.8,0,0.95,0.86,0.98,0.12,1.0,0.9411764705882353
full_aura,32,18.0635,94.8,0,0.8615384615384616,0.88,0.88,0.0,0.95,0.8542713567839196
fixed_interest_theme,32,9.4029,26.9,0,0.8888888888888888,0.86,0.88,0.020000000000000018,0.975,0.8811881188118812
fixed_interaction_mode,32,14.607,94.8,0,0.8717948717948718,0.88,0.88,0.0,0.95,0.864321608040201
full_aura,33,0.0585,94.8,0,0.975,0.98,0.98,0.0,1.0,0.9656862745098039
fixed_interest_theme,33,0.0585,94.8,0,0.975,0.98,0.98,0.0,1.0,0.9656862745098039
fixed_interaction_mode,33,5.1722,94.8,0,0.94,0.84,0.98,0.14,1.0,0.9313725490196078
full_aura,34,5.475,94.8,1,0.9296482412060302,0.8163265306122449,0.96,0.14367346938775505,0.975,0.9211822660098522
fixed_interest_theme,34,12.6397,94.8,1,0.9141414141414141,0.7291666666666666,0.96,0.23083333333333333,0.95,0.905940594059406
fixed_interaction_mode,34,1.657,94.8,0,0.95,0.9,0.96,0.05999999999999994,1.0,0.9411764705882353
full_aura,35,2.1413,94.8,0,0.92,0.94,0.94,0.0,1.0,0.9117647058823528
fixed_interest_theme,35,35.2107,94.8,1,0.7666666666666667,0.6666666666666666,0.8444444444444444,0.1777777777777778,0.972972972972973,0.7608695652173911
fixed_interaction_mode,35,55.5199,94.8,2,0.6413043478260869,0.5333333333333333,0.78,0.2466666666666667,0.9210526315789473,0.6382978723404253
full_aura,36,0.0827,94.8,0,0.975,1.0,0.98,-0.020000000000000018,1.0,0.9656862745098039
fixed_interest_theme,36,3.3859,94.8,0,0.955,0.92,0.98,0.05999999999999994,1.0,0.9460784313725492
fixed_interaction_mode,36,1.1042,94.8,0,0.97,0.98,0.98,0.0,1.0,0.9607843137254902
full_aura,37,1.1154,94.8,0,0.975,0.98,1.0,0.020000000000000018,1.0,0.9656862745098039
fixed_interest_theme,37,1.8796,94.8,0,0.97,0.98,0.98,0.0,1.0,0.9607843137254902
fixed_interaction_mode,37,3.7609,94.8,2,0.9438775510204082,0.8913043478260869,0.98,0.08869565217391306,0.975,0.935
full_aura,38,31.3327,94.8,7,0.7486631016042781,0.7142857142857143,0.8723404255319149,0.15805471124620063,0.8974358974358975,0.7434554973821986
fixed_interest_theme,38,33.7674,26.9,4,0.7204301075268817,0.7142857142857143,0.7954545454545454,0.08116883116883111,0.8717948717948718,0.7157894736842106
fixed_interaction_mode,38,10.21,94.8,1,0.9045226130653267,0.7346938775510204,1.0,0.26530612244897955,0.975,0.8965517241379309
full_aura,39,1.3461,94.8,0,0.99,0.98,1.0,0.020000000000000018,1.0,0.9803921568627451
fixed_interest_theme,39,0.0643,94.8,0,0.995,1.0,1.0,0.0,1.0,0.9852941176470589
fixed_interaction_mode,39,3.1264,94.8,1,0.9641025641025641,0.9111111111111111,0.98,0.06888888888888889,0.975,0.9547738693467337
full_aura,40,0.6469,94.8,0,0.965,0.96,0.98,0.020000000000000018,1.0,0.9558823529411765
fixed_interest_theme,40,3.688,94.8,0,0.95,0.9,0.98,0.07999999999999996,1.0,0.9411764705882353
fixed_interaction_mode,40,1.8243,94.8,0,0.955,0.92,0.98,0.05999999999999994,1.0,0.946078431372549
full_aura,41,0.0,94.8,0,0.975,0.98,1.0,0.020000000000000018,1.0,0.9656862745098039
fixed_interest_theme,41,0.0,94.8,0,0.975,0.98,1.0,0.020000000000000018,1.0,0.9656862745098039
fixed_interaction_mode,41,0.2542,94.8,0,0.975,0.98,1.0,0.020000000000000018,1.0,0.9656862745098039
full_aura,42,8.4724,94.8,3,0.9322916666666666,0.7380952380952381,1.0,0.26190476190476186,0.9743589743589743,0.9234693877551022
fixed_interest_theme,42,0.5378,94.8,0,0.9698492462311558,0.92,1.0,0.07999999999999996,0.975,0.9605911330049262
fixed_interaction_mode,42,0.5378,94.8,0,0.9698492462311558,0.92,1.0,0.07999999999999996,0.975,0.9605911330049262
full_aura,43,4.6036,94.8,0,0.92,0.86,0.96,0.09999999999999998,1.0,0.9117647058823529
fixed_interest_theme,43,1.453,94.8,0,0.95,0.92,0.98,0.05999999999999994,1.0,0.9411764705882353
fixed_interaction_mode,43,6.9726,94.8,0,0.8229166666666666,0.6904761904761905,0.84,0.1495238095238095,0.9743589743589743,0.816326530612245
full_aura,44,1.6582,94.8,0,0.97,0.96,0.98,0.020000000000000018,1.0,0.9607843137254902
fixed_interest_theme,44,6.845,94.8,0,0.8978494623655914,0.6486486486486487,0.98,0.3313513513513513,0.8974358974358975,0.8894736842105262
fixed_interaction_mode,44,11.6552,94.8,0,0.945,0.88,0.98,0.09999999999999998,1.0,0.9362745098039215
full_aura,45,0.4497,94.8,0,0.955,0.96,0.96,0.0,1.0,0.946078431372549
fixed_interest_theme,45,0.7747,94.8,0,0.955,0.96,0.96,0.0,1.0,0.946078431372549
fixed_interaction_mode,45,2.3917,94.8,0,0.95,0.98,0.92,-0.05999999999999994,1.0,0.9411764705882353
full_aura,46,11.8034,94.8,0,0.93,0.9,0.96,0.05999999999999994,1.0,0.9215686274509803
fixed_interest_theme,46,1.437,94.8,0,0.965,0.94,0.96,0.020000000000000018,1.0,0.9558823529411765
fixed_interaction_mode,46,1.0722,94.8,0,0.965,0.94,0.96,0.020000000000000018,1.0,0.9558823529411765
full_aura,47,0.0,94.8,0,0.985,0.98,0.96,-0.020000000000000018,1.0,0.9754901960784313
fixed_interest_theme,47,0.0,94.8,0,0.985,0.98,0.96,-0.020000000000000018,1.0,0.9754901960784313
fixed_interaction_mode,47,5.0716,94.8,0,0.97,0.96,0.96,0.0,1.0,0.9607843137254902
full_aura,48,10.1654,94.8,4,0.9179487179487179,0.7333333333333333,0.96,0.22666666666666668,1.0,0.9095477386934674
fixed_interest_theme,48,19.5448,94.8,1,0.9076923076923077,0.9375,0.92,-0.01749999999999996,0.95,0.8994974874371859
fixed_interaction_mode,48,20.4288,94.8,2,0.8549222797927462,0.9375,0.7555555555555555,-0.18194444444444446,0.9743589743589743,0.847715736040609
full_aura,49,17.6221,94.8,4,0.8795811518324608,0.6046511627906976,0.98,0.37534883720930234,0.925,0.8717948717948719
fixed_interest_theme,49,16.421,94.8,0,0.8826530612244898,0.6956521739130435,0.92,0.22434782608695658,0.975,0.875
fixed_interaction_mode,49,9.4715,94.8,0,0.9387755102040817,0.8260869565217391,0.94,0.11391304347826081,0.975,0.93
full_aura,50,5.5606,94.8,1,0.9230769230769231,0.7555555555555555,0.98,0.22444444444444445,1.0,0.914572864321608
fixed_interest_theme,50,2.5233,94.8,0,0.9487179487179487,0.8666666666666667,0.98,0.11333333333333329,1.0,0.9396984924623115
fixed_interaction_mode,50,0.0,94.8,0,0.975,0.98,0.98,0.0,1.0,0.9656862745098039
full_aura,51,2.6706,94.8,0,0.9375,0.8571428571428571,0.96,0.10285714285714287,0.95,0.9285714285714284
fixed_interest_theme,51,2.3157,26.9,0,0.9746192893401016,0.96,0.98,0.020000000000000018,0.975,0.9651741293532339
fixed_interaction_mode,51,0.6396,26.9,0,0.9796954314720813,0.98,0.98,0.0,0.975,0.9701492537313433
full_aura,52,24.5761,94.8,1,0.8225806451612904,0.7272727272727273,0.94,0.21272727272727265,0.8974358974358975,0.8157894736842108
fixed_interest_theme,52,1.3032,94.8,0,0.975,0.98,0.96,-0.020000000000000018,1.0,0.9656862745098039
fixed_interaction_mode,52,21.796,94.8,1,0.8608247422680413,0.7045454545454546,0.94,0.23545454545454536,0.925,0.8535353535353535
full_aura,53,3.7028,89.8,0,0.7760416666666666,0.7291666666666666,0.7045454545454546,-0.024621212121212044,0.9487179487179487,0.7704081632653061
fixed_interest_theme,53,4.5052,24.2,0,0.7647058823529411,0.6511627906976745,0.7755102040816326,0.12434741338395816,0.9473684210526316,0.7591623036649213
fixed_interaction_mode,53,8.6496,26.9,0,0.7120418848167539,0.6521739130434783,0.72,0.0678260869565217,0.9743589743589743,0.7076923076923077
full_aura,54,12.9042,94.8,0,0.8969072164948454,0.6818181818181818,0.98,0.2981818181818182,0.9743589743589743,0.8888888888888888
fixed_interest_theme,54,1.0156,94.8,0,0.9743589743589743,0.9333333333333333,0.98,0.046666666666666634,0.975,0.964824120603015
fixed_interaction_mode,54,27.6395,26.9,0,0.7849462365591398,0.6590909090909091,0.7777777777777778,0.11868686868686873,0.9473684210526316,0.7789473684210526
full_aura,55,5.227,94.8,0,0.9322916666666666,0.8095238095238095,0.96,0.15047619047619043,0.9743589743589743,0.923469387755102
fixed_interest_theme,55,5.6285,94.8,0,0.921875,0.8095238095238095,0.96,0.15047619047619043,0.9743589743589743,0.9132653061224489
fixed_interaction_mode,55,1.3519,94.8,0,0.975,0.96,0.98,0.020000000000000018,1.0,0.9656862745098039
full_aura,56,0.1556,94.8,0,0.98,1.0,0.98,-0.020000000000000018,1.0,0.9705882352941176
fixed_interest_theme,56,0.1556,94.8,0,0.98,1.0,0.98,-0.020000000000000018,1.0,0.9705882352941176
fixed_interaction_mode,56,4.8161,94.8,0,0.97,0.96,0.98,0.020000000000000018,1.0,0.9607843137254902
full_aura,57,30.3464,94.8,4,0.7340425531914894,0.46511627906976744,0.78,0.3148837209302326,0.9736842105263158,0.7291666666666666
fixed_interest_theme,57,2.9473,94.8,0,0.9230769230769231,0.7333333333333333,0.98,0.2466666666666667,1.0,0.914572864321608
fixed_interaction_mode,57,24.8636,94.8,1,0.7365269461077845,0.53125,0.8,0.26875000000000004,0.8378378378378378,0.7309941520467834
full_aura,58,0.1238,94.8,0,0.97,0.96,0.98,0.020000000000000018,1.0,0.9607843137254902
fixed_interest_theme,58,0.0623,94.8,0,0.97,0.96,0.98,0.020000000000000018,1.0,0.9607843137254902
fixed_interaction_mode,58,2.0848,94.8,0,0.96,0.92,0.98,0.05999999999999994,1.0,0.9509803921568626
full_aura,59,23.5981,94.8,0,0.859375,0.74,0.98,0.24,0.95,0.8520408163265305
fixed_interest_theme,59,14.6133,94.8,0,0.8969072164948454,0.84,0.98,0.14,0.95,0.8888888888888888
fixed_interaction_mode,59,6.805,94.8,0,0.945,0.94,0.98,0.040000000000000036,1.0,0.9362745098039215
full_aura,60,3.0944,94.8,0,0.965,0.94,0.98,0.040000000000000036,1.0,0.9558823529411765
fixed_interest_theme,60,3.3195,94.8,0,0.965,0.94,0.98,0.040000000000000036,1.0,0.9558823529411765
fixed_interaction_mode,60,3.2529,94.8,0,0.965,0.94,0.98,0.040000000000000036,1.0,0.9558823529411765
full_aura,61,0.0343,94.8,0,0.985,1.0,0.98,-0.020000000000000018,1.0,0.9754901960784313
fixed_interest_theme,61,0.0,94.8,0,0.985,1.0,0.98,-0.020000000000000018,1.0,0.9754901960784313
fixed_interaction_mode,61,7.722,26.9,1,0.9153439153439153,0.7727272727272727,0.9777777777777777,0.20505050505050504,0.925,0.9067357512953368
full_aura,62,0.0545,94.8,0,0.965,1.0,0.98,-0.020000000000000018,1.0,0.9558823529411765
fixed_interest_theme,62,0.4601,94.8,0,0.965,1.0,0.98,-0.020000000000000018,1.0,0.9558823529411765
fixed_interaction_mode,62,4.4835,94.8,0,0.955,0.96,0.98,0.020000000000000018,1.0,0.9460784313725489
full_aura,63,5.0608,94.8,0,0.945,0.96,0.92,-0.039999999999999925,1.0,0.9362745098039216
fixed_interest_theme,63,13.7406,94.8,0,0.92,0.9,0.96,0.05999999999999994,1.0,0.9117647058823529
fixed_interaction_mode,63,0.0522,94.8,0,0.98,0.98,0.98,0.0,1.0,0.9705882352941176
full_aura,64,2.1721,94.8,0,0.955,0.94,0.92,-0.019999999999999907,1.0,0.946078431372549
fixed_interest_theme,64,10.5192,94.8,0,0.925531914893617,0.92,0.8947368421052632,-0.025263157894736876,0.925,0.9166666666666666
fixed_interaction_mode,64,9.6324,94.8,0,0.915,0.9,0.88,-0.020000000000000018,1.0,0.9068627450980392
full_aura,65,0.0,94.8,0,0.99,1.0,1.0,0.0,1.0,0.9803921568627451
fixed_interest_theme,65,2.7775,94.8,0,0.975,0.94,1.0,0.06000000000000005,1.0,0.9656862745098039
fixed_interaction_mode,65,2.3417,94.8,0,0.975,0.94,1.0,0.06000000000000005,1.0,0.9656862745098039
full_aura,66,1.652,94.8,0,0.9494949494949495,0.9166666666666666,1.0,0.08333333333333337,0.975,0.9405940594059405
fixed_interest_theme,66,2.501,94.8,0,0.9444444444444444,0.8958333333333334,1.0,0.10416666666666663,0.975,0.9356435643564357
fixed_interaction_mode,66,4.2974,94.8,0,0.9591836734693877,0.8478260869565217,0.98,0.13217391304347825,0.95,0.95
full_aura,67,0.8883,94.8,0,0.97,0.94,0.96,0.020000000000000018,1.0,0.9607843137254902
fixed_interest_theme,67,14.8253,94.8,0,0.9076923076923077,0.8666666666666667,0.96,0.09333333333333327,1.0,0.8994974874371859
fixed_interaction_mode,67,12.4765,94.8,0,0.8947368421052632,0.7959183673469388,1.0,0.20408163265306123,0.9230769230769231,0.8865979381443297
full_aura,68,9.0143,94.8,0,0.9114583333333334,0.9111111111111111,0.9,-0.011111111111111072,0.95,0.9030612244897959
fixed_interest_theme,68,13.086,94.8,1,0.8624338624338624,0.9111111111111111,0.86,-0.05111111111111111,0.9,0.8549222797927462
fixed_interaction_mode,68,2.786,94.8,0,0.9322916666666666,0.9333333333333333,0.9361702127659575,0.0028368794326241176,0.95,0.9234693877551019
full_aura,69,3.1634,26.9,1,0.9296482412060302,0.8571428571428571,0.96,0.10285714285714287,0.975,0.9211822660098522
fixed_interest_theme,69,8.8219,26.9,2,0.8934010152284264,0.7872340425531915,0.92,0.13276595744680852,0.95,0.8855721393034824
fixed_interaction_mode,69,42.7782,19.5,4,0.7103825136612022,0.723404255319149,0.6829268292682927,-0.04047742605085625,0.85,0.7058823529411765
full_aura,70,0.4351,94.8,0,0.9747474747474747,1.0,1.0,0.0,0.975,0.9653465346534653
fixed_interest_theme,70,0.4261,94.8,0,0.9747474747474747,1.0,1.0,0.0,0.975,0.9653465346534653
fixed_interaction_mode,70,0.0,94.8,0,0.9747474747474747,1.0,1.0,0.0,0.975,0.9653465346534653
full_aura,71,2.4185,94.8,0,0.965,0.94,0.94,0.0,1.0,0.9558823529411765
fixed_interest_theme,71,8.0273,94.8,1,0.9441624365482234,0.92,0.94,0.019999999999999907,0.975,0.9353233830845771
fixed_interaction_mode,71,34.8736,80.6,7,0.7747252747252747,0.7111111111111111,0.7446808510638298,0.033569739952718614,0.825,0.7688172043010751
full_aura,72,4.726,94.8,0,0.955,0.9,0.98,0.07999999999999996,1.0,0.946078431372549
fixed_interest_theme,72,2.5183,94.8,0,0.96,0.92,0.98,0.05999999999999994,1.0,0.9509803921568627
fixed_interaction_mode,72,0.1189,94.8,0,0.975,0.98,0.98,0.0,1.0,0.9656862745098039
full_aura,73,0.6799,94.8,0,0.945,0.94,0.96,0.020000000000000018,1.0,0.9362745098039216
fixed_interest_theme,73,3.7317,94.8,0,0.9333333333333333,0.94,0.9111111111111111,-0.028888888888888853,0.975,0.9246231155778895
fixed_interaction_mode,73,0.0,94.8,0,0.955,0.94,0.98,0.040000000000000036,1.0,0.946078431372549
full_aura,74,2.6452,94.8,0,0.96,0.92,0.98,0.05999999999999994,1.0,0.9509803921568627
fixed_interest_theme,74,5.6118,94.8,0,0.96,0.92,0.98,0.05999999999999994,1.0,0.9509803921568627
fixed_interaction_mode,74,4.1158,94.8,0,0.9447236180904522,0.98,0.98,0.0,0.975,0.9359605911330049
full_aura,75,0.0505,94.8,0,0.995,1.0,0.98,-0.020000000000000018,1.0,0.9852941176470589
fixed_interest_theme,75,9.825,94.8,0,0.925,0.92,0.98,0.05999999999999994,1.0,0.9166666666666666
fixed_interaction_mode,75,34.6777,94.8,4,0.6904761904761905,0.5263157894736842,0.7297297297297297,0.20341394025604553,0.736842105263158,0.686046511627907
full_aura,76,3.3231,94.8,0,0.9444444444444444,0.9583333333333334,0.9,-0.05833333333333335,0.975,0.9356435643564357
fixed_interest_theme,76,8.3954,94.8,0,0.9141414141414141,0.8125,0.92,0.10750000000000004,0.975,0.905940594059406
fixed_interaction_mode,76,23.5603,94.8,3,0.8333333333333334,0.782608695652174,0.851063829787234,0.0684551341350601,0.925,0.8265306122448978
full_aura,77,12.0219,94.8,0,0.9282051282051282,0.96,0.9,-0.05999999999999994,1.0,0.9195979899497487
fixed_interest_theme,77,13.7051,94.8,0,0.8974358974358975,0.86,0.88,0.020000000000000018,1.0,0.8894472361809045
fixed_interaction_mode,77,12.1031,94.8,0,0.9179487179487179,0.9,0.9,0.0,1.0,0.9095477386934672
full_aura,78,0.0,94.8,0,0.9642857142857143,0.98,0.9347826086956522,-0.045217391304347765,0.975,0.955
fixed_interest_theme,78,0.6527,94.8,0,0.9798994974874372,0.9591836734693877,1.0,0.04081632653061229,0.975,0.9704433497536946
fixed_interaction_mode,78,1.4161,94.8,0,0.9798994974874372,0.9591836734693877,1.0,0.04081632653061229,0.975,0.9704433497536946
full_aura,79,0.9613,94.8,0,0.9435897435897436,0.8666666666666667,0.98,0.11333333333333329,1.0,0.9346733668341709
fixed_interest_theme,79,36.303,94.8,0,0.7747252747252747,0.7777777777777778,0.8409090909090909,0.06313131313131315,0.9210526315789473,0.7688172043010753
fixed_interaction_mode,79,36.7566,94.8,7,0.7300613496932515,0.5833333333333334,0.88,0.29666666666666663,0.8108108108108107,0.7245508982035924
