condition,child_index,accuracy,accuracy_first10,accuracy_last10,learning_gain,completion_rate,final_mastery
AURA,0,0.975,0.94,0.98,0.040000000000000036,1.0,0.9656862745098038
static,0,0.985,0.98,0.98,0.0,1.0,0.9754901960784313
heuristic_adaptive,0,0.985,0.98,0.98,0.0,1.0,0.9754901960784313
correlational,0,0.985,0.98,0.98,0.0,1.0,0.9754901960784313
population_level,0,0.9015544041450777,0.92,0.9069767441860465,-0.013023255813953583,0.95,0.8934010152284264
expert_manual,0,0.975,0.94,0.98,0.040000000000000036,1.0,0.9656862745098038
AURA,1,0.8333333333333334,0.7291666666666666,0.94,0.21083333333333332,0.925,0.826530612244898
static,1,0.97,0.94,0.98,0.040000000000000036,1.0,0.9607843137254902
heuristic_adaptive,1,0.97,0.94,0.98,0.040000000000000036,1.0,0.9607843137254902
correlational,1,0.945,0.9,0.94,0.039999999999999925,1.0,0.9362745098039216
population_level,1,0.8020304568527918,0.76,0.8,0.040000000000000036,0.95,0.7960199004975125
expert_manual,1,0.95,0.86,0.98,0.12,1.0,0.9411764705882353
AURA,2,0.99,0.98,1.0,0.020000000000000018,1.0,0.9803921568627451
static,2,0.99,0.98,1.0,0.020000000000000018,1.0,0.9803921568627451
heuristic_adaptive,2,0.99,0.98,1.0,0.020000000000000018,1.0,0.9803921568627451
correlational,2,0.99,0.98,1.0,0.020000000000000018,1.0,0.9803921568627451
population_level,2,0.99,0.98,1.0,0.020000000000000018,1.0,0.9803921568627451
expert_manual,2,0.99,0.98,1.0,0.020000000000000018,1.0,0.9803921568627451
AURA,3,0.55,0.5333333333333333,0.55,0.01666666666666672,0.8857142857142857,0.5487804878048778
static,3,0.3464052287581699,0.4411764705882353,0.3333333333333333,-0.10784313725490197,0.65,0.35031847133757965
heuristic_adaptive,3,0.680628272251309,0.68,0.627906976744186,-0.052093023255814,0.9,0.6769230769230767
correlational,3,0.3464052287581699,0.4411764705882353,0.3333333333333333,-0.10784313725490197,0.65,0.35031847133757965
population_level,3,0.592391304347826,0.6122448979591837,0.6363636363636364,0.024118738404452666,0.85,0.5904255319148934
expert_manual,3,0.40522875816993464,0.5609756097560976,0.358974358974359,-0.20200125078173864,0.65,0.40764331210191085
AURA,4,0.898989898989899,0.7083333333333334,0.94,0.23166666666666658,0.975,0.8910891089108911
static,4,0.6444444444444445,0.5777777777777777,0.6,0.022222222222222254,0.8,0.6413043478260864
heuristic_adaptive,4,0.86,0.86,0.88,0.020000000000000018,1.0,0.8529411764705882
correlational,4,0.6444444444444445,0.5777777777777777,0.6,0.022222222222222254,0.8,0.6413043478260864
population_level,4,0.99,1.0,0.98,-0.020000000000000018,1.0,0.9803921568627451
expert_manual,4,0.86,0.86,0.88,0.020000000000000018,1.0,0.8529411764705882
AURA,5,0.9285714285714286,0.86,1.0,0.14,0.95,0.92
static,5,0.6449704142011834,0.48717948717948717,0.5853658536585366,0.09818636647904938,0.7,0.6416184971098265
heuristic_adaptive,5,0.9296482412060302,0.7551020408163265,0.98,0.2248979591836735,0.975,0.9211822660098522
correlational,5,0.96,0.92,0.96,0.039999999999999925,1.0,0.9509803921568626
population_level,5,0.96,0.92,0.96,0.039999999999999925,1.0,0.9509803921568626
expert_manual,5,0.96,0.92,0.96,0.039999999999999925,1.0,0.9509803921568626
AURA,6,0.9296482412060302,0.7755102040816326,0.98,0.20448979591836736,0.975,0.9211822660098522
static,6,0.7231638418079096,0.6222222222222222,0.9166666666666666,0.2944444444444444,0.8,0.7182320441988949
heuristic_adaptive,6,0.8769230769230769,0.6222222222222222,0.98,0.35777777777777775,0.95,0.8693467336683418
correlational,6,0.7456647398843931,0.6444444444444445,0.7647058823529411,0.12026143790849664,0.8,0.7401129943502823
population_level,6,0.945,0.96,0.92,-0.039999999999999925,1.0,0.9362745098039216
expert_manual,6,0.7231638418079096,0.6222222222222222,0.9166666666666666,0.2944444444444444,0.8,0.7182320441988949
AURA,7,0.6473988439306358,0.39473684210526316,0.8,0.4052631578947369,0.8611111111111112,0.6440677966101694
static,7,0.4322033898305085,0.4594594594594595,0.38235294117647056,-0.07710651828298892,0.4,0.4344262295081967
heuristic_adaptive,7,0.8571428571428571,0.7659574468085106,0.8775510204081632,0.1115935735996526,0.95,0.8500000000000001
correlational,7,0.460431654676259,0.25,0.5675675675675675,0.31756756756756754,0.5,0.46153846153846156
population_level,7,0.4748201438848921,0.2777777777777778,0.5675675675675675,0.28978978978978975,0.5,0.4755244755244755
expert_manual,7,0.48226950354609927,0.5405405405405406,0.3,-0.24054054054054058,0.5,0.48275862068965536
AURA,8,0.955,0.94,0.94,0.0,1.0,0.946078431372549
static,8,0.43283582089552236,0.5882352941176471,0.46875,-0.11948529411764708,0.5,0.4347826086956522
heuristic_adaptive,8,0.955,0.88,0.96,0.07999999999999996,1.0,0.946078431372549
correlational,8,0.91,0.94,0.86,-0.07999999999999996,1.0,0.9019607843137254
population_level,8,0.96,0.96,0.94,-0.020000000000000018,1.0,0.9509803921568627
expert_manual,8,0.955,0.88,0.96,0.07999999999999996,1.0,0.946078431372549
AURA,9,0.96,0.88,1.0,0.12,1.0,0.9509803921568627
static,9,0.9693877551020408,0.94,1.0,0.06000000000000005,0.975,0.96
heuristic_adaptive,9,0.9693877551020408,0.94,1.0,0.06000000000000005,0.975,0.96
correlational,9,0.7840909090909091,0.5757575757575758,0.9787234042553191,0.4029658284977433,0.8,0.7777777777777778
population_level,9,0.49264705882352944,0.48484848484848486,0.5681818181818182,0.08333333333333337,0.5,0.4928571428571429
expert_manual,9,0.9693877551020408,0.94,1.0,0.06000000000000005,0.975,0.96
AURA,10,0.9538461538461539,0.8888888888888888,0.98,0.09111111111111114,1.0,0.9447236180904522
static,10,0.8274111675126904,0.72,0.88,0.16000000000000003,0.975,0.8208955223880597
heuristic_adaptive,10,0.8274111675126904,0.72,0.88,0.16000000000000003,0.975,0.8208955223880597
correlational,10,0.8274111675126904,0.72,0.88,0.16000000000000003,0.975,0.8208955223880597
population_level,10,0.4195804195804196,0.5121951219512195,0.5294117647058824,0.017216642754662836,0.575,0.42176870748299317
expert_manual,10,0.6271186440677966,0.6170212765957447,0.7659574468085106,0.14893617021276595,0.8,0.6243093922651937
AURA,11,0.9692307692307692,0.9111111111111111,0.96,0.04888888888888887,0.975,0.9597989949748744
static,11,0.9692307692307692,0.9111111111111111,0.96,0.04888888888888887,0.975,0.9597989949748744
heuristic_adaptive,11,0.9692307692307692,0.9111111111111111,0.96,0.04888888888888887,0.975,0.9597989949748744
correlational,11,0.7272727272727273,0.6571428571428571,0.75,0.09285714285714286,0.65,0.7215189873417722
population_level,11,0.95,0.92,0.98,0.05999999999999994,1.0,0.9411764705882352
expert_manual,11,0.9692307692307692,0.9111111111111111,0.96,0.04888888888888887,0.975,0.9597989949748744
AURA,12,0.7717391304347826,0.6590909090909091,0.8333333333333334,0.1742424242424243,0.8974358974358975,0.7659574468085106
static,12,0.7241379310344828,0.6818181818181818,0.7659574468085106,0.08413926499032887,0.825,0.7191011235955058
heuristic_adaptive,12,0.7078651685393258,0.6818181818181818,0.7659574468085106,0.08413926499032887,0.85,0.7032967032967031
correlational,12,0.96,0.96,0.98,0.020000000000000018,1.0,0.9509803921568627
population_level,12,0.7068965517241379,0.6590909090909091,0.7446808510638298,0.08558994197292069,0.825,0.7022471910112354
expert_manual,12,0.7241379310344828,0.6818181818181818,0.7659574468085106,0.08413926499032887,0.825,0.7191011235955058
AURA,13,0.975,0.98,0.98,0.0,1.0,0.9656862745098039
static,13,0.98,1.0,0.98,-0.020000000000000018,1.0,0.9705882352941176
heuristic_adaptive,13,0.98,1.0,0.98,-0.020000000000000018,1.0,0.9705882352941176
correlational,13,0.905,0.94,0.88,-0.05999999999999994,1.0,0.8970588235294118
population_level,13,0.98,1.0,0.98,-0.020000000000000018,1.0,0.9705882352941176
expert_manual,13,0.98,1.0,0.98,-0.020000000000000018,1.0,0.9705882352941176
AURA,14,0.8263157894736842,0.7,0.88,0.18000000000000005,1.0,0.8195876288659791
static,14,0.535483870967742,0.6190476190476191,0.55,-0.06904761904761902,0.7,0.5345911949685532
heuristic_adaptive,14,0.6444444444444445,0.6190476190476191,0.5434782608695652,-0.07556935817805388,0.825,0.6413043478260869
correlational,14,0.535483870967742,0.6190476190476191,0.55,-0.06904761904761902,0.7,0.5345911949685532
population_level,14,0.955,0.92,0.98,0.05999999999999994,1.0,0.946078431372549
expert_manual,14,0.5548387096774193,0.6190476190476191,0.55,-0.06904761904761902,0.7,0.5534591194968551
AURA,15,0.9,0.82,0.96,0.14,1.0,0.8921568627450979
static,15,0.935,0.92,0.96,0.039999999999999925,1.0,0.9264705882352942
heuristic_adaptive,15,0.935,0.92,0.96,0.039999999999999925,1.0,0.9264705882352942
correlational,15,0.554140127388535,0.5681818181818182,0.6285714285714286,0.060389610389610326,0.65,0.5527950310559002
population_level,15,0.84,0.82,0.88,0.06000000000000005,1.0,0.8333333333333335
expert_manual,15,0.5592105263157895,0.475,0.5428571428571428,0.06785714285714284,0.65,0.5576923076923074
AURA,16,0.845,0.76,0.96,0.19999999999999996,1.0,0.8382352941176471
static,16,0.96,0.96,0.96,0.0,1.0,0.9509803921568627
heuristic_adaptive,16,0.96,0.96,0.96,0.0,1.0,0.9509803921568627
correlational,16,0.855,0.86,0.94,0.07999999999999996,1.0,0.8480392156862744
population_level,16,0.601123595505618,0.6086956521739131,0.5952380952380952,-0.01345755693581785,0.775,0.5989010989010991
expert_manual,16,0.96,0.96,0.96,0.0,1.0,0.9509803921568627
AURA,17,0.8111111111111111,0.7368421052631579,0.9,0.16315789473684217,0.8974358974358975,0.8043478260869563
static,17,0.6038961038961039,0.7111111111111111,0.5897435897435898,-0.12136752136752138,0.675,0.6012658227848104
heuristic_adaptive,17,0.6079545454545454,0.7111111111111111,0.6041666666666666,-0.10694444444444451,0.825,0.6055555555555555
correlational,17,0.6038961038961039,0.7111111111111111,0.5897435897435898,-0.12136752136752138,0.675,0.6012658227848104
population_level,17,0.93,0.9,0.94,0.039999999999999925,1.0,0.9215686274509802
expert_manual,17,0.7119565217391305,0.8222222222222222,0.6976744186046512,-0.124547803617571,0.9,0.7074468085106383
AURA,18,0.77,0.78,0.76,-0.020000000000000018,1.0,0.7647058823529413
static,18,0.47619047619047616,0.625,0.42857142857142855,-0.19642857142857145,0.75,0.47674418604651186
heuristic_adaptive,18,0.79,0.76,0.78,0.020000000000000018,1.0,0.7843137254901961
correlational,18,0.47619047619047616,0.625,0.42857142857142855,-0.19642857142857145,0.75,0.47674418604651186
population_level,18,0.8,0.8,0.78,-0.020000000000000018,1.0,0.7941176470588235
expert_manual,18,0.47619047619047616,0.625,0.42857142857142855,-0.19642857142857145,0.75,0.47674418604651186
AURA,19,0.9179487179487179,0.7777777777777778,0.96,0.18222222222222217,1.0,0.9095477386934674
static,19,0.965,0.98,0.96,-0.020000000000000018,1.0,0.9558823529411765
heuristic_adaptive,19,0.965,0.98,0.96,-0.020000000000000018,1.0,0.9558823529411765
correlational,19,0.965,0.98,0.96,-0.020000000000000018,1.0,0.9558823529411765
population_level,19,0.4233576642335766,0.475,0.375,-0.09999999999999998,0.42500000000000004,0.4255319148936171
expert_manual,19,0.965,0.98,0.96,-0.020000000000000018,1.0,0.9558823529411765
AURA,20,0.8263157894736842,0.6530612244897959,0.8444444444444444,0.19138321995464858,0.9487179487179487,0.8195876288659792
static,20,0.643979057591623,0.5918367346938775,0.6595744680851063,0.0677377333912288,0.9,0.6410256410256412
heuristic_adaptive,20,0.8,0.5918367346938775,0.82,0.2281632653061224,0.95,0.7939698492462312
correlational,20,0.643979057591623,0.5918367346938775,0.6595744680851063,0.0677377333912288,0.9,0.6410256410256412
population_level,20,0.35570469798657717,0.4523809523809524,0.2857142857142857,-0.16666666666666669,0.575,0.35947712418300665
expert_manual,20,0.643979057591623,0.5918367346938775,0.6595744680851063,0.0677377333912288,0.9,0.6410256410256412
AURA,21,0.807909604519774,0.4375,0.9333333333333333,0.49583333333333335,0.8461538461538461,0.8011049723756906
static,21,0.8666666666666667,0.8297872340425532,0.98,0.15021276595744681,0.95,0.8592964824120605
heuristic_adaptive,21,0.8666666666666667,0.8297872340425532,0.98,0.15021276595744681,0.95,0.8592964824120605
correlational,21,0.8666666666666667,0.8297872340425532,0.98,0.15021276595744681,0.95,0.8592964824120605
population_level,21,0.9179487179487179,0.8723404255319149,0.98,0.10765957446808505,0.95,0.9095477386934674
expert_manual,21,0.7403314917127072,0.4375,0.82,0.38249999999999995,0.825,0.7351351351351348
AURA,22,0.96,0.88,1.0,0.12,1.0,0.9509803921568627
static,22,0.7127659574468085,0.7755102040816326,0.6,-0.17551020408163265,0.875,0.7083333333333331
heuristic_adaptive,22,0.8571428571428571,0.7755102040816326,0.8936170212765957,0.11810681719496308,0.95,0.8500000000000001
correlational,22,0.98,0.96,1.0,0.040000000000000036,1.0,0.9705882352941176
population_level,22,0.94,0.88,0.96,0.07999999999999996,1.0,0.9313725490196078
expert_manual,22,0.776595744680851,0.7755102040816326,0.8,0.02448979591836742,0.9,0.7708333333333334
AURA,23,0.945,0.86,0.96,0.09999999999999998,1.0,0.9362745098039216
static,23,0.96,0.94,0.96,0.020000000000000018,1.0,0.9509803921568627
heuristic_adaptive,23,0.96,0.94,0.96,0.020000000000000018,1.0,0.9509803921568627
correlational,23,0.97,0.94,0.96,0.020000000000000018,1.0,0.96078431372549
population_level,23,0.905,0.86,0.88,0.020000000000000018,1.0,0.8970588235294118
expert_manual,23,0.96,0.94,0.96,0.020000000000000018,1.0,0.9509803921568627
AURA,24,0.975,0.98,1.0,0.020000000000000018,1.0,0.9656862745098039
static,24,0.648936170212766,0.4444444444444444,0.7959183673469388,0.35147392290249435,0.875,0.6458333333333328
heuristic_adaptive,24,0.8979591836734694,0.82,0.98,0.16000000000000003,0.925,0.8899999999999999
correlational,24,0.38666666666666666,0.37209302325581395,0.46875,0.09665697674418605,0.6,0.3896103896103897
population_level,24,0.975,0.98,1.0,0.020000000000000018,1.0,0.9656862745098039
expert_manual,24,0.8979591836734694,0.82,0.98,0.16000000000000003,0.925,0.8899999999999999
AURA,25,0.8762886597938144,0.7346938775510204,0.94,0.2053061224489795,0.9743589743589743,0.8686868686868687
static,25,0.8383838383838383,0.875,0.84,-0.03500000000000003,0.975,0.8316831683168316
heuristic_adaptive,25,0.9292929292929293,0.875,0.98,0.10499999999999998,0.975,0.9207920792079208
correlational,25,0.3602941176470588,0.46153846153846156,0.3333333333333333,-0.12820512820512825,0.5,0.36428571428571427
population_level,25,0.95,0.94,0.94,0.0,1.0,0.9411764705882353
expert_manual,25,0.94,0.9,0.94,0.039999999999999925,1.0,0.9313725490196079
AURA,26,0.965,0.96,1.0,0.040000000000000036,1.0,0.9558823529411765
static,26,0.945,0.94,1.0,0.06000000000000005,1.0,0.9362745098039216
heuristic_adaptive,26,0.945,0.94,1.0,0.06000000000000005,1.0,0.9362745098039216
correlational,26,0.965,0.96,1.0,0.040000000000000036,1.0,0.9558823529411765
population_level,26,0.965,0.96,1.0,0.040000000000000036,1.0,0.9558823529411765
expert_manual,26,0.945,0.94,1.0,0.06000000000000005,1.0,0.9362745098039216
AURA,27,0.8888888888888888,0.7755102040816326,0.9,0.1244897959183674,0.95,0.8811881188118811
static,27,0.6524390243902439,0.72,0.6595744680851063,-0.06042553191489364,0.725,0.6488095238095237
heuristic_adaptive,27,0.7182320441988951,0.72,0.88,0.16000000000000003,0.875,0.7135135135135136
correlational,27,0.83,0.78,0.86,0.07999999999999996,1.0,0.8235294117647057
population_level,27,0.32142857142857145,0.40540540540540543,0.36,-0.04540540540540544,0.275,0.32758620689655166
expert_manual,27,0.6463414634146342,0.7,0.6595744680851063,-0.04042553191489362,0.725,0.6428571428571426
AURA,28,0.94,0.9,0.96,0.05999999999999994,1.0,0.9313725490196079
static,28,0.958974358974359,1.0,0.9333333333333333,-0.06666666666666665,0.95,0.949748743718593
heuristic_adaptive,28,0.958974358974359,1.0,0.9333333333333333,-0.06666666666666665,0.95,0.949748743718593
correlational,28,0.9794871794871794,1.0,0.9791666666666666,-0.02083333333333337,0.95,0.9698492462311558
population_level,28,0.7795698924731183,0.7073170731707317,0.86,0.15268292682926832,0.925,0.7736842105263158
expert_manual,28,0.9487179487179487,0.96,0.9333333333333333,-0.026666666666666616,0.95,0.9396984924623115
AURA,29,0.9109947643979057,0.9183673469387755,0.9574468085106383,0.03907946157186282,0.9487179487179487,0.9025641025641026
static,29,0.985,0.98,1.0,0.020000000000000018,1.0,0.9754901960784313
heuristic_adaptive,29,0.985,0.98,1.0,0.020000000000000018,1.0,0.9754901960784313
correlational,29,0.8775510204081632,0.9183673469387755,0.8297872340425532,-0.08858011289622236,0.95,0.87
population_level,29,0.985,0.98,1.0,0.020000000000000018,1.0,0.9754901960784313
expert_manual,29,0.985,0.98,1.0,0.020000000000000018,1.0,0.9754901960784313
AURA,30,0.8936170212765957,0.8292682926829268,0.9,0.07073170731707323,0.925,0.8854166666666666
static,30,0.6560509554140127,0.5945945945945946,0.7631578947368421,0.16856330014224752,0.65,0.652173913043478
heuristic_adaptive,30,0.735632183908046,0.725,0.717391304347826,-0.007608695652173925,0.8,0.7303370786516854
correlational,30,0.6560509554140127,0.5945945945945946,0.7631578947368421,0.16856330014224752,0.65,0.652173913043478
population_level,30,0.3,0.40540540540540543,0.25806451612903225,-0.14734088927637318,0.375,0.3059701492537314
expert_manual,30,0.7068965517241379,0.7804878048780488,0.673469387755102,-0.1070184171229468,0.8,0.7022471910112358
AURA,31,0.985,1.0,0.98,-0.020000000000000018,1.0,0.9754901960784313
static,31,0.7382198952879581,0.84,0.7619047619047619,-0.0780952380952381,0.925,0.7333333333333335
heuristic_adaptive,31,0.905,0.84,0.98,0.14,1.0,0.8970588235294116
correlational,31,0.5,0.6590909090909091,0.45454545454545453,-0.20454545454545453,0.525,0.4999999999999998
population_level,31,0.985,1.0,0.98,-0.020000000000000018,1.0,0.9754901960784313
expert_manual,31,0.743455497382199,0.86,0.7619047619047619,-0.09809523809523812,0.925,0.7384615384615383
AURA,32,0.8693467336683417,0.86,0.88,0.020000000000000018,0.975,0.8620689655172413
static,32,0.8564102564102564,0.88,0.86,-0.020000000000000018,0.95,0.8492462311557789
heuristic_adaptive,32,0.8072916666666666,0.88,0.74,-0.14,0.925,0.8010204081632656
correlational,32,0.97,0.96,0.96,0.0,1.0,0.9607843137254902
population_level,32,0.7083333333333334,0.76,0.68,-0.07999999999999996,0.925,0.7040816326530612
expert_manual,32,0.8564102564102564,0.88,0.86,-0.020000000000000018,0.95,0.8492462311557789
AURA,33,0.975,0.98,0.98,0.0,1.0,0.9656862745098039
static,33,0.6394557823129252,0.5789473684210527,0.8,0.2210526315789474,0.6,0.6357615894039735
heuristic_adaptive,33,0.949238578680203,0.8297872340425532,1.0,0.17021276595744683,0.975,0.9402985074626864
correlational,33,0.975,0.98,0.98,0.0,1.0,0.9656862745098039
population_level,33,0.975,0.98,0.98,0.0,1.0,0.9656862745098039
expert_manual,33,0.96,0.92,0.98,0.05999999999999994,1.0,0.9509803921568626
AURA,34,0.8944723618090452,0.7551020408163265,0.92,0.16489795918367356,0.975,0.8866995073891626
static,34,0.96,0.94,0.96,0.020000000000000018,1.0,0.9509803921568627
heuristic_adaptive,34,0.96,0.94,0.96,0.020000000000000018,1.0,0.9509803921568627
correlational,34,0.7371428571428571,0.6888888888888889,0.8048780487804879,0.11598915989159897,0.825,0.7318435754189941
population_level,34,0.945,0.9,0.96,0.05999999999999994,1.0,0.9362745098039216
expert_manual,34,0.9435897435897436,0.8444444444444444,0.94,0.0955555555555555,0.975,0.9346733668341709
AURA,35,0.9,0.9,0.94,0.039999999999999925,1.0,0.8921568627450979
static,35,0.5833333333333334,0.5365853658536586,0.5833333333333334,0.0467479674796748,0.75,0.5813953488372093
heuristic_adaptive,35,0.7936507936507936,0.7333333333333333,1.0,0.2666666666666667,0.925,0.7875647668393787
correlational,35,0.5833333333333334,0.5365853658536586,0.5833333333333334,0.0467479674796748,0.75,0.5813953488372093
population_level,35,0.7846153846153846,0.84,0.78,-0.05999999999999994,0.975,0.7788944723618089
expert_manual,35,0.6157894736842106,0.5918367346938775,0.6304347826086957,0.038598047914818134,0.9,0.6134020618556698
AURA,36,0.97,0.98,0.98,0.0,1.0,0.9607843137254902
static,36,0.97,0.98,0.98,0.0,1.0,0.9607843137254902
heuristic_adaptive,36,0.97,0.98,0.98,0.0,1.0,0.9607843137254902
correlational,36,0.3684210526315789,0.325,0.42857142857142855,0.10357142857142854,0.44999999999999996,0.3722627737226277
population_level,36,0.975,1.0,0.98,-0.020000000000000018,1.0,0.9656862745098039
expert_manual,36,0.965,0.96,0.98,0.020000000000000018,1.0,0.9558823529411765
AURA,37,0.97,0.96,1.0,0.040000000000000036,1.0,0.9607843137254902
static,37,0.5730994152046783,0.6904761904761905,0.5348837209302325,-0.15559246954595796,0.725,0.5714285714285717
heuristic_adaptive,37,0.9387755102040817,0.8695652173913043,0.98,0.11043478260869566,0.975,0.9299999999999998
correlational,37,0.8232323232323232,0.76,0.92,0.16000000000000003,0.975,0.8168316831683167
population_level,37,0.98,1.0,1.0,0.0,1.0,0.9705882352941176
expert_manual,37,0.975,0.98,1.0,0.020000000000000018,1.0,0.9656862745098039
AURA,38,0.9027027027027027,0.6944444444444444,0.96,0.26555555555555554,0.8717948717948718,0.8941798941798942
static,38,0.7126436781609196,0.6585365853658537,0.6739130434782609,0.015376458112407176,0.725,0.7078651685393257
heuristic_adaptive,38,0.7298850574712644,0.6829268292682927,0.717391304347826,0.03446447507953332,0.725,0.7247191011235952
correlational,38,0.35664335664335667,0.375,0.1951219512195122,-0.1798780487804878,0.475,0.36054421768707473
population_level,38,0.8061224489795918,0.7959183673469388,0.84,0.0440816326530612,0.95,0.8
expert_manual,38,0.7126436781609196,0.6585365853658537,0.6739130434782609,0.015376458112407176,0.725,0.7078651685393257
AURA,39,0.995,1.0,1.0,0.0,1.0,0.9852941176470589
static,39,0.6258064516129033,0.627906976744186,0.5,-0.12790697674418605,0.6,0.6226415094339626
heuristic_adaptive,39,0.9690721649484536,0.9090909090909091,0.98,0.07090909090909092,0.95,0.9595959595959596
correlational,39,0.995,1.0,1.0,0.0,1.0,0.9852941176470589
population_level,39,0.995,1.0,1.0,0.0,1.0,0.9852941176470589
expert_manual,39,0.9690721649484536,0.9090909090909091,0.98,0.07090909090909092,0.95,0.9595959595959596
AURA,40,0.965,0.96,0.98,0.020000000000000018,1.0,0.9558823529411765
static,40,0.4878048780487805,0.5581395348837209,0.47368421052631576,-0.08445532435740516,0.65,0.488095238095238
heuristic_adaptive,40,0.9494949494949495,0.8541666666666666,1.0,0.14583333333333337,0.975,0.9405940594059404
correlational,40,0.97,0.98,0.98,0.0,1.0,0.9607843137254902
population_level,40,0.97,0.98,0.98,0.0,1.0,0.9607843137254902
expert_manual,40,0.96,0.94,0.98,0.040000000000000036,1.0,0.9509803921568626
AURA,41,0.975,0.98,1.0,0.020000000000000018,1.0,0.9656862745098039
static,41,0.975,0.98,1.0,0.020000000000000018,1.0,0.9656862745098039
heuristic_adaptive,41,0.975,0.98,1.0,0.020000000000000018,1.0,0.9656862745098039
correlational,41,0.975,0.98,1.0,0.020000000000000018,1.0,0.9656862745098039
population_level,41,0.975,0.98,1.0,0.020000000000000018,1.0,0.9656862745098039
expert_manual,41,0.975,0.98,1.0,0.020000000000000018,1.0,0.9656862745098039
AURA,42,0.9587628865979382,0.8666666666666667,1.0,0.1333333333333333,0.9743589743589743,0.9494949494949495
static,42,0.9698492462311558,0.92,1.0,0.07999999999999996,0.975,0.9605911330049262
heuristic_adaptive,42,0.9698492462311558,0.92,1.0,0.07999999999999996,0.975,0.9605911330049262
correlational,42,0.7688172043010753,0.6666666666666666,0.7555555555555555,0.0888888888888889,0.925,0.7631578947368423
population_level,42,0.8769230769230769,0.8444444444444444,0.86,0.015555555555555545,0.975,0.8693467336683417
expert_manual,42,0.964824120603015,0.9,1.0,0.09999999999999998,0.975,0.9556650246305419
AURA,43,0.8461538461538461,0.7777777777777778,0.88,0.10222222222222221,1.0,0.8391959798994975
static,43,0.5347593582887701,0.5952380952380952,0.58,-0.015238095238095273,0.875,0.5340314136125658
heuristic_adaptive,43,0.6822916666666666,0.717391304347826,0.8,0.08260869565217399,0.95,0.6785714285714287
correlational,43,0.5347593582887701,0.5952380952380952,0.58,-0.015238095238095273,0.875,0.5340314136125658
population_level,43,0.95,0.94,0.98,0.040000000000000036,1.0,0.9411764705882352
expert_manual,43,0.7939698492462312,0.8,0.7346938775510204,-0.0653061224489796,0.975,0.7881773399014779
AURA,44,0.97,0.96,0.98,0.020000000000000018,1.0,0.9607843137254902
static,44,0.985,1.0,0.98,-0.020000000000000018,1.0,0.9754901960784313
heuristic_adaptive,44,0.985,1.0,0.98,-0.020000000000000018,1.0,0.9754901960784313
correlational,44,0.92,0.92,0.94,0.019999999999999907,1.0,0.9117647058823529
population_level,44,0.85,0.88,0.92,0.040000000000000036,1.0,0.8431372549019607
expert_manual,44,0.97,0.94,0.98,0.040000000000000036,1.0,0.9607843137254902
AURA,45,0.95,0.96,0.96,0.0,1.0,0.9411764705882353
static,45,0.965,1.0,0.96,-0.040000000000000036,1.0,0.9558823529411765
heuristic_adaptive,45,0.965,1.0,0.96,-0.040000000000000036,1.0,0.9558823529411765
correlational,45,0.9040404040404041,0.9,0.94,0.039999999999999925,0.975,0.8960396039603961
population_level,45,0.7094972067039106,0.6956521739130435,0.8043478260869565,0.10869565217391308,0.775,0.7049180327868851
expert_manual,45,0.965,1.0,0.96,-0.040000000000000036,1.0,0.9558823529411765
AURA,46,0.92,0.9,0.94,0.039999999999999925,1.0,0.9117647058823529
static,46,0.965,0.94,0.96,0.020000000000000018,1.0,0.9558823529411765
heuristic_adaptive,46,0.965,0.94,0.96,0.020000000000000018,1.0,0.9558823529411765
correlational,46,0.935,0.94,0.92,-0.019999999999999907,1.0,0.9264705882352942
population_level,46,0.96,0.94,0.96,0.020000000000000018,1.0,0.9509803921568627
expert_manual,46,0.965,0.94,0.96,0.020000000000000018,1.0,0.9558823529411765
AURA,47,0.985,0.98,0.96,-0.020000000000000018,1.0,0.9754901960784313
static,47,0.945,0.96,0.9,-0.05999999999999994,1.0,0.9362745098039216
heuristic_adaptive,47,0.945,0.96,0.9,-0.05999999999999994,1.0,0.9362745098039216
correlational,47,0.985,0.98,0.96,-0.020000000000000018,1.0,0.9754901960784313
population_level,47,0.985,0.98,0.96,-0.020000000000000018,1.0,0.9754901960784313
expert_manual,47,0.985,0.98,0.96,-0.020000000000000018,1.0,0.9754901960784313
AURA,48,0.8974358974358975,0.7111111111111111,0.96,0.24888888888888883,1.0,0.8894472361809044
static,48,0.43609022556390975,0.625,0.27586206896551724,-0.34913793103448276,0.475,0.43795620437956195
heuristic_adaptive,48,0.9081081081081082,0.625,1.0,0.375,0.85,0.8994708994708993
correlational,48,0.8205128205128205,0.76,0.8888888888888888,0.12888888888888883,0.975,0.8140703517587938
population_level,48,0.945,0.86,0.96,0.09999999999999998,1.0,0.9362745098039216
expert_manual,48,0.8838383838383839,0.9375,0.78,-0.15749999999999997,0.975,0.8762376237623762
AURA,49,0.8633879781420765,0.47368421052631576,0.96,0.4863157894736842,0.9473684210526316,0.8556149732620321
static,49,0.4076923076923077,0.4090909090909091,0.42424242424242425,0.015151515151515138,0.4,0.4104477611940299
heuristic_adaptive,49,0.7235294117647059,0.5555555555555556,1.0,0.4444444444444444,0.775,0.7183908045977013
correlational,49,0.4076923076923077,0.4090909090909091,0.42424242424242425,0.015151515151515138,0.4,0.4104477611940299
population_level,49,0.97,0.96,0.96,0.0,1.0,0.9607843137254902
expert_manual,49,0.5822784810126582,0.4878048780487805,0.6976744186046512,0.2098695405558707,0.7,0.5802469135802469
AURA,50,0.9384615384615385,0.8222222222222222,0.98,0.1577777777777778,1.0,0.9296482412060302
static,50,0.975,0.98,0.98,0.0,1.0,0.9656862745098039
heuristic_adaptive,50,0.975,0.98,0.98,0.0,1.0,0.9656862745098039
correlational,50,0.9329896907216495,0.8571428571428571,0.96,0.10285714285714287,0.95,0.9242424242424242
population_level,50,0.7755102040816326,0.5833333333333334,0.84,0.2566666666666666,0.95,0.77
expert_manual,50,0.95,0.88,0.98,0.09999999999999998,1.0,0.9411764705882353
AURA,51,0.9333333333333333,0.8,1.0,0.19999999999999996,1.0,0.9246231155778895
static,51,0.9796954314720813,0.98,0.98,0.0,0.975,0.9701492537313433
heuristic_adaptive,51,0.9796954314720813,0.98,0.98,0.0,0.975,0.9701492537313433
correlational,51,0.98,0.98,1.0,0.020000000000000018,1.0,0.9705882352941176
population_level,51,0.48026315789473684,0.375,0.5952380952380952,0.22023809523809523,0.6,0.4807692307692308
expert_manual,51,0.9746192893401016,0.96,0.98,0.020000000000000018,0.975,0.9651741293532339
AURA,52,0.9578947368421052,0.925,0.94,0.014999999999999902,0.9743589743589743,0.9484536082474226
static,52,0.965,0.96,0.96,0.0,1.0,0.9558823529411765
heuristic_adaptive,52,0.965,0.96,0.96,0.0,1.0,0.9558823529411765
correlational,52,0.965,0.96,0.96,0.0,1.0,0.9558823529411765
population_level,52,0.4788732394366197,0.5588235294117647,0.5277777777777778,-0.03104575163398693,0.525,0.47945205479452047
expert_manual,52,0.965,0.96,0.96,0.0,1.0,0.9558823529411765
AURA,53,0.7777777777777778,0.7291666666666666,0.8,0.07083333333333341,0.975,0.7722772277227722
static,53,0.48427672955974843,0.4634146341463415,0.39473684210526316,-0.06867779204107832,0.725,0.48466257668711665
heuristic_adaptive,53,0.5919540229885057,0.4634146341463415,0.6808510638297872,0.21743642968344573,0.85,0.5898876404494385
correlational,53,0.48427672955974843,0.4634146341463415,0.39473684210526316,-0.06867779204107832,0.725,0.48466257668711665
population_level,53,0.7908163265306123,0.6956521739130435,0.84,0.1443478260869565,0.975,0.785
expert_manual,53,0.49056603773584906,0.4878048780487805,0.39473684210526316,-0.09306803594351731,0.725,0.49079754601226994
AURA,54,0.9020618556701031,0.6590909090909091,0.98,0.3209090909090909,0.9743589743589743,0.8939393939393938
static,54,0.9230769230769231,0.8888888888888888,0.94,0.05111111111111111,0.975,0.914572864321608
heuristic_adaptive,54,0.9230769230769231,0.8888888888888888,0.94,0.05111111111111111,0.975,0.914572864321608
correlational,54,0.32666666666666666,0.2222222222222222,0.2777777777777778,0.05555555555555558,0.55,0.3311688311688312
population_level,54,0.841025641025641,0.8,0.88,0.07999999999999996,0.975,0.834170854271357
expert_manual,54,0.9230769230769231,0.8888888888888888,0.94,0.05111111111111111,0.975,0.914572864321608
AURA,55,0.9593908629441624,0.9361702127659575,0.96,0.0238297872340425,0.975,0.9502487562189055
static,55,0.98,0.98,0.98,0.0,1.0,0.9705882352941176
heuristic_adaptive,55,0.98,0.98,0.98,0.0,1.0,0.9705882352941176
correlational,55,0.8035714285714286,0.7777777777777778,0.9111111111111111,0.1333333333333333,0.8,0.7965116279069767
population_level,55,0.9322916666666666,0.8571428571428571,0.98,0.12285714285714289,0.95,0.923469387755102
expert_manual,55,0.9543147208121827,0.9148936170212766,0.96,0.04510638297872338,0.975,0.945273631840796
AURA,56,0.98,1.0,0.98,-0.020000000000000018,1.0,0.9705882352941176
static,56,0.8502673796791443,0.8958333333333334,0.8695652173913043,-0.026268115942029047,0.9,0.8429319371727748
heuristic_adaptive,56,0.8502673796791443,0.8958333333333334,0.8695652173913043,-0.026268115942029047,0.9,0.8429319371727748
correlational,56,0.98,1.0,0.98,-0.020000000000000018,1.0,0.9705882352941176
population_level,56,0.98,1.0,0.98,-0.020000000000000018,1.0,0.9705882352941176
expert_manual,56,0.8502673796791443,0.8958333333333334,0.8695652173913043,-0.026268115942029047,0.9,0.8429319371727748
AURA,57,0.6494252873563219,0.5227272727272727,0.7674418604651163,0.2447145877378436,0.8378378378378378,0.6460674157303369
static,57,0.7738693467336684,0.6122448979591837,0.84,0.22775510204081628,0.975,0.7684729064039406
heuristic_adaptive,57,0.5202702702702703,0.5454545454545454,0.6086956521739131,0.06324110671936767,0.6,0.519736842105263
correlational,57,0.7738693467336684,0.6122448979591837,0.84,0.22775510204081628,0.975,0.7684729064039406
population_level,57,0.2833333333333333,0.25806451612903225,0.2222222222222222,-0.03584229390681004,0.42500000000000004,0.29032258064516137
expert_manual,57,0.8391959798994975,0.7551020408163265,0.9,0.14489795918367354,0.975,0.832512315270936
AURA,58,0.97,0.96,0.98,0.020000000000000018,1.0,0.9607843137254902
static,58,0.97,0.96,0.98,0.020000000000000018,1.0,0.9607843137254902
heuristic_adaptive,58,0.97,0.96,0.98,0.020000000000000018,1.0,0.9607843137254902
correlational,58,0.97,0.96,0.98,0.020000000000000018,1.0,0.9607843137254902
population_level,58,0.97,0.96,0.98,0.020000000000000018,1.0,0.9607843137254902
expert_manual,58,0.97,0.96,0.98,0.020000000000000018,1.0,0.9607843137254902
AURA,59,0.9020618556701031,0.7755102040816326,0.98,0.20448979591836736,0.9743589743589743,0.8939393939393938
static,59,0.7282051282051282,0.84,0.7083333333333334,-0.1316666666666666,0.95,0.7236180904522616
heuristic_adaptive,59,0.734375,0.84,0.74,-0.09999999999999998,0.925,0.7295918367346941
correlational,59,0.7282051282051282,0.84,0.7083333333333334,-0.1316666666666666,0.95,0.7236180904522616
population_level,59,0.97,0.98,0.98,0.0,1.0,0.9607843137254902
expert_manual,59,0.7282051282051282,0.84,0.7083333333333334,-0.1316666666666666,0.95,0.7236180904522616
AURA,60,0.965,0.94,0.98,0.040000000000000036,1.0,0.9558823529411765
static,60,0.6907216494845361,0.8,0.62,-0.18000000000000005,0.925,0.6868686868686869
heuristic_adaptive,60,0.8298969072164949,0.8,0.94,0.1399999999999999,0.925,0.8232323232323231
correlational,60,0.965,0.94,0.98,0.040000000000000036,1.0,0.9558823529411765
population_level,60,0.97,0.96,0.98,0.020000000000000018,1.0,0.9607843137254902
expert_manual,60,0.965,0.94,0.98,0.040000000000000036,1.0,0.9558823529411765
AURA,61,0.97,0.94,0.98,0.040000000000000036,1.0,0.9607843137254902
static,61,0.985,1.0,0.98,-0.020000000000000018,1.0,0.9754901960784313
heuristic_adaptive,61,0.985,1.0,0.98,-0.020000000000000018,1.0,0.9754901960784313
correlational,61,0.985,1.0,0.98,-0.020000000000000018,1.0,0.9754901960784313
population_level,61,0.352,0.45,0.37037037037037035,-0.07962962962962966,0.475,0.3565891472868218
expert_manual,61,0.985,1.0,0.98,-0.020000000000000018,1.0,0.9754901960784313
AURA,62,0.96,1.0,0.98,-0.020000000000000018,1.0,0.9509803921568627
static,62,0.7025316455696202,0.6153846153846154,0.7368421052631579,0.12145748987854244,0.625,0.6975308641975306
heuristic_adaptive,62,0.9109947643979057,0.7073170731707317,0.98,0.2726829268292683,0.9,0.9025641025641026
correlational,62,0.965,1.0,0.98,-0.020000000000000018,1.0,0.9558823529411765
population_level,62,0.955,1.0,0.98,-0.020000000000000018,1.0,0.9460784313725489
expert_manual,62,0.689873417721519,0.6829268292682927,0.7368421052631579,0.05391527599486512,0.625,0.6851851851851848
AURA,63,0.93,0.96,0.9,-0.05999999999999994,1.0,0.9215686274509803
static,63,0.890625,0.9,0.9148936170212766,0.014893617021276562,0.925,0.8826530612244896
heuristic_adaptive,63,0.890625,0.9,0.9148936170212766,0.014893617021276562,0.925,0.8826530612244896
correlational,63,0.3884297520661157,0.4,0.38461538461538464,-0.015384615384615385,0.4,0.39200000000000007
population_level,63,0.98,0.98,0.98,0.0,1.0,0.9705882352941176
expert_manual,63,0.890625,0.9,0.9148936170212766,0.014893617021276562,0.925,0.8826530612244896
AURA,64,0.9210526315789473,0.8888888888888888,0.98,0.09111111111111114,0.925,0.9123711340206185
static,64,0.895,0.92,0.82,-0.10000000000000009,1.0,0.8872549019607843
heuristic_adaptive,64,0.895,0.92,0.82,-0.10000000000000009,1.0,0.8872549019607843
correlational,64,0.935,0.92,0.88,-0.040000000000000036,1.0,0.9264705882352942
population_level,64,0.56875,0.41935483870967744,0.7021276595744681,0.28277282086479066,0.675,0.5670731707317075
expert_manual,64,0.935,0.92,0.88,-0.040000000000000036,1.0,0.9264705882352942
AURA,65,0.99,1.0,1.0,0.0,1.0,0.9803921568627451
static,65,0.99,1.0,1.0,0.0,1.0,0.9803921568627451
heuristic_adaptive,65,0.99,1.0,1.0,0.0,1.0,0.9803921568627451
correlational,65,0.98,0.98,1.0,0.020000000000000018,1.0,0.9705882352941176
population_level,65,0.8952879581151832,0.92,0.9,-0.020000000000000018,0.925,0.8871794871794871
expert_manual,65,0.98,0.96,1.0,0.040000000000000036,1.0,0.9705882352941176
AURA,66,0.9795918367346939,0.9347826086956522,0.98,0.045217391304347765,0.95,0.97
static,66,0.5285714285714286,0.5294117647058824,0.36666666666666664,-0.16274509803921572,0.525,0.5277777777777778
heuristic_adaptive,66,0.9742268041237113,0.9090909090909091,0.98,0.07090909090909092,0.95,0.9646464646464646
correlational,66,0.97,0.96,0.96,0.0,1.0,0.9607843137254902
population_level,66,0.97,0.96,0.96,0.0,1.0,0.9607843137254902
expert_manual,66,0.9690721649484536,0.9583333333333334,0.98,0.021666666666666612,0.95,0.9595959595959596
AURA,67,0.9641025641025641,0.9111111111111111,0.96,0.04888888888888887,1.0,0.9547738693467337
static,67,0.4632352941176471,0.4166666666666667,0.4482758620689655,0.03160919540229884,0.475,0.4642857142857143
heuristic_adaptive,67,0.9230769230769231,0.6888888888888889,1.0,0.3111111111111111,0.925,0.914572864321608
correlational,67,0.975,0.96,0.96,0.0,1.0,0.9656862745098039
population_level,67,0.8205128205128205,0.723404255319149,0.84,0.11659574468085099,0.925,0.8140703517587938
expert_manual,67,0.9597989949748744,0.8775510204081632,0.98,0.10244897959183674,0.975,0.9507389162561576
AURA,68,0.8958333333333334,0.9111111111111111,0.92,0.008888888888888946,0.95,0.8877551020408163
static,68,0.7934782608695652,0.9111111111111111,0.8,-0.11111111111111105,0.875,0.7872340425531912
heuristic_adaptive,68,0.7934782608695652,0.9111111111111111,0.8,-0.11111111111111105,0.875,0.7872340425531912
correlational,68,0.945,0.94,0.98,0.040000000000000036,1.0,0.9362745098039215
population_level,68,0.945,0.94,0.98,0.040000000000000036,1.0,0.9362745098039215
expert_manual,68,0.7934782608695652,0.9111111111111111,0.8,-0.11111111111111105,0.875,0.7872340425531912
AURA,69,0.8958333333333334,0.7619047619047619,0.94,0.17809523809523808,0.95,0.8877551020408162
static,69,0.3761467889908257,0.3448275862068966,0.38461538461538464,0.03978779840848806,0.30000000000000004,0.38053097345132736
heuristic_adaptive,69,0.9476439790575916,0.8292682926829268,0.96,0.13073170731707318,0.925,0.9384615384615385
correlational,69,0.949238578680203,0.9148936170212766,0.98,0.0651063829787234,0.975,0.9402985074626866
population_level,69,0.9644670050761421,0.9361702127659575,0.98,0.043829787234042517,0.975,0.9552238805970149
expert_manual,69,0.3761467889908257,0.3448275862068966,0.38461538461538464,0.03978779840848806,0.30000000000000004,0.38053097345132736
AURA,70,0.9696969696969697,0.98,1.0,0.020000000000000018,0.975,0.9603960396039604
static,70,0.9747474747474747,1.0,1.0,0.0,0.975,0.9653465346534653
heuristic_adaptive,70,0.9747474747474747,1.0,1.0,0.0,0.975,0.9653465346534653
correlational,70,0.9747474747474747,1.0,1.0,0.0,0.975,0.9653465346534653
population_level,70,0.9747474747474747,1.0,1.0,0.0,0.975,0.9653465346534653
expert_manual,70,0.9747474747474747,1.0,1.0,0.0,0.975,0.9653465346534653
AURA,71,0.8670212765957447,0.9,0.7948717948717948,-0.1051282051282052,0.9230769230769231,0.859375
static,71,0.6369426751592356,0.6216216216216216,0.6666666666666666,0.04504504504504503,0.65,0.6335403726708073
heuristic_adaptive,71,0.9481865284974094,0.813953488372093,1.0,0.18604651162790697,0.95,0.9390862944162435
correlational,71,0.975,0.98,0.94,-0.040000000000000036,1.0,0.9656862745098039
population_level,71,0.6949152542372882,0.6511627906976745,0.6222222222222222,-0.028940568475452233,0.825,0.6906077348066301
expert_manual,71,0.96,0.92,0.94,0.019999999999999907,1.0,0.9509803921568627
AURA,72,0.9,0.82,0.98,0.16000000000000003,1.0,0.8921568627450979
static,72,0.975,0.98,0.98,0.0,1.0,0.9656862745098039
heuristic_adaptive,72,0.975,0.98,0.98,0.0,1.0,0.9656862745098039
correlational,72,0.7183908045977011,0.8,0.5641025641025641,-0.23589743589743595,0.8,0.7134831460674155
population_level,72,0.975,0.98,0.98,0.0,1.0,0.9656862745098039
expert_manual,72,0.975,0.98,0.98,0.0,1.0,0.9656862745098039
AURA,73,0.925,0.82,0.98,0.16000000000000003,1.0,0.9166666666666666
static,73,0.955,0.94,0.98,0.040000000000000036,1.0,0.946078431372549
heuristic_adaptive,73,0.955,0.94,0.98,0.040000000000000036,1.0,0.946078431372549
correlational,73,0.935,0.9,0.94,0.039999999999999925,1.0,0.9264705882352942
population_level,73,0.8144329896907216,0.88,0.88,0.0,0.95,0.8080808080808081
expert_manual,73,0.955,0.94,0.98,0.040000000000000036,1.0,0.946078431372549
AURA,74,0.9296482412060302,0.92,0.98,0.05999999999999994,0.975,0.9211822660098522
static,74,0.9597989949748744,0.98,0.98,0.0,0.975,0.9507389162561576
heuristic_adaptive,74,0.9597989949748744,0.98,0.98,0.0,0.975,0.9507389162561576
correlational,74,0.9597989949748744,0.98,0.98,0.0,0.975,0.9507389162561576
population_level,74,0.4896551724137931,0.6744186046511628,0.6451612903225806,-0.02925731432858214,0.525,0.48993288590604006
expert_manual,74,0.9597989949748744,0.98,0.98,0.0,0.975,0.9507389162561576
AURA,75,0.995,1.0,0.98,-0.020000000000000018,1.0,0.9852941176470589
static,75,0.5527950310559007,0.4146341463414634,0.5777777777777777,0.16314363143631433,0.625,0.5515151515151517
heuristic_adaptive,75,0.917098445595855,0.7659574468085106,1.0,0.23404255319148937,0.95,0.9086294416243654
correlational,75,0.8297872340425532,0.82,0.7631578947368421,-0.056842105263157805,0.9,0.8229166666666666
population_level,75,0.8105263157894737,0.8,0.8095238095238095,0.00952380952380949,0.925,0.8041237113402062
expert_manual,75,0.9020618556701031,0.7659574468085106,0.98,0.21404255319148935,0.95,0.8939393939393938
AURA,76,0.9494949494949495,0.9583333333333334,0.92,-0.03833333333333333,0.975,0.9405940594059405
static,76,0.8489583333333334,0.8043478260869565,0.851063829787234,0.04671600370027751,0.925,0.8418367346938775
heuristic_adaptive,76,0.8229166666666666,0.8043478260869565,0.7872340425531915,-0.017113783533765026,0.925,0.8163265306122449
correlational,76,0.95,0.96,0.94,-0.020000000000000018,1.0,0.9411764705882353
population_level,76,0.4482758620689655,0.4444444444444444,0.5357142857142857,0.09126984126984128,0.4,0.45
expert_manual,76,0.8489583333333334,0.8043478260869565,0.851063829787234,0.04671600370027751,0.925,0.8418367346938775
AURA,77,0.97,0.98,0.98,0.0,1.0,0.9607843137254902
static,77,0.93,0.96,0.88,-0.07999999999999996,1.0,0.9215686274509803
heuristic_adaptive,77,0.93,0.96,0.88,-0.07999999999999996,1.0,0.9215686274509803
correlational,77,0.93,0.96,0.88,-0.07999999999999996,1.0,0.9215686274509803
population_level,77,0.7407407407407407,0.7021276595744681,0.7906976744186046,0.08857001484413651,0.9,0.7357512953367874
expert_manual,77,0.895,0.86,0.88,0.020000000000000018,1.0,0.8872549019607843
AURA,78,0.9642857142857143,0.98,0.9347826086956522,-0.045217391304347765,0.975,0.955
static,78,0.84375,0.8541666666666666,0.84,-0.01416666666666666,0.9,0.8367346938775512
heuristic_adaptive,78,0.9336734693877551,0.8541666666666666,1.0,0.14583333333333337,0.925,0.925
correlational,78,0.9642857142857143,0.98,0.9347826086956522,-0.045217391304347765,0.975,0.955
population_level,78,0.9642857142857143,0.98,0.9347826086956522,-0.045217391304347765,0.975,0.955
expert_manual,78,0.9591836734693877,0.96,0.9347826086956522,-0.025217391304347747,0.975,0.95
AURA,79,0.9487179487179487,0.86,0.98,0.12,0.975,0.9396984924623115
static,79,0.8769230769230769,0.9,0.8163265306122449,-0.0836734693877551,0.95,0.8693467336683416
heuristic_adaptive,79,0.8769230769230769,0.9,0.8163265306122449,-0.0836734693877551,0.95,0.8693467336683416
correlational,79,0.94,0.92,0.96,0.039999999999999925,1.0,0.9313725490196079
population_level,79,0.4930555555555556,0.6,0.21875,-0.38125,0.55,0.49324324324324326
expert_manual,79,0.8769230769230769,0.9,0.8163265306122449,-0.0836734693877551,0.95,0.8693467336683416
