scenario,condition,child,regret,retention,distress_events
weak preferences (effects x0.5),AURA,0,10.1382,8.8,16
weak preferences (effects x0.5),static,0,9.7956,0.2,15
weak preferences (effects x0.5),heuristic,0,6.851,8.9,15
weak preferences (effects x0.5),AURA,1,9.5594,94.8,1
weak preferences (effects x0.5),static,1,23.723,94.8,7
weak preferences (effects x0.5),heuristic,1,5.3519,80.6,0
weak preferences (effects x0.5),AURA,2,15.5626,94.8,9
weak preferences (effects x0.5),static,2,18.9946,0.2,17
weak preferences (effects x0.5),heuristic,2,16.1402,89.8,7
weak preferences (effects x0.5),AURA,3,14.0119,94.8,0
weak preferences (effects x0.5),static,3,22.4934,94.8,1
weak preferences (effects x0.5),heuristic,3,16.4363,94.8,1
weak preferences (effects x0.5),AURA,4,28.1227,26.9,1
weak preferences (effects x0.5),static,4,25.3452,8.8,5
weak preferences (effects x0.5),heuristic,4,22.0709,8.8,8
weak preferences (effects x0.5),AURA,5,20.6876,94.8,3
weak preferences (effects x0.5),static,5,26.7025,94.8,14
weak preferences (effects x0.5),heuristic,5,27.7731,24.2,7
weak preferences (effects x0.5),AURA,6,17.9006,26.9,11
weak preferences (effects x0.5),static,6,14.004,94.8,3
weak preferences (effects x0.5),heuristic,6,14.0512,0.2,12
weak preferences (effects x0.5),AURA,7,10.5275,80.6,0
weak preferences (effects x0.5),static,7,20.7039,94.8,8
weak preferences (effects x0.5),heuristic,7,14.059,24.2,0
weak preferences (effects x0.5),AURA,8,9.0513,94.8,6
weak preferences (effects x0.5),static,8,14.0438,29.7,14
weak preferences (effects x0.5),heuristic,8,17.294,24.2,13
weak preferences (effects x0.5),AURA,9,7.3382,73.8,7
weak preferences (effects x0.5),static,9,11.6016,89.8,12
weak preferences (effects x0.5),heuristic,9,11.2516,89.8,7
weak preferences (effects x0.5),AURA,10,16.6696,94.8,2
weak preferences (effects x0.5),static,10,15.4088,26.9,0
weak preferences (effects x0.5),heuristic,10,15.4088,26.9,0
weak preferences (effects x0.5),AURA,11,21.4176,26.9,0
weak preferences (effects x0.5),static,11,17.8848,26.9,0
weak preferences (effects x0.5),heuristic,11,17.8848,26.9,0
weak preferences (effects x0.5),AURA,12,12.7944,24.2,10
weak preferences (effects x0.5),static,12,0.0,94.8,0
weak preferences (effects x0.5),heuristic,12,9.0486,5.3,6
weak preferences (effects x0.5),AURA,13,2.3594,19.5,4
weak preferences (effects x0.5),static,13,4.5061,0.2,17
weak preferences (effects x0.5),heuristic,13,6.3272,0.2,16
weak preferences (effects x0.5),AURA,14,13.4478,94.8,1
weak preferences (effects x0.5),static,14,12.5195,0.2,7
weak preferences (effects x0.5),heuristic,14,13.9722,0.2,8
weak preferences (effects x0.5),AURA,15,8.0097,94.8,1
weak preferences (effects x0.5),static,15,33.1456,80.6,7
weak preferences (effects x0.5),heuristic,15,29.3203,19.5,8
weak preferences (effects x0.5),AURA,16,27.301,26.9,2
weak preferences (effects x0.5),static,16,27.4624,26.9,5
weak preferences (effects x0.5),heuristic,16,24.9789,89.8,3
weak preferences (effects x0.5),AURA,17,10.8592,26.9,5
weak preferences (effects x0.5),static,17,17.4826,29.7,16
weak preferences (effects x0.5),heuristic,17,12.5607,24.2,10
weak preferences (effects x0.5),AURA,18,11.8362,19.5,0
weak preferences (effects x0.5),static,18,23.0367,73.8,14
weak preferences (effects x0.5),heuristic,18,11.6329,1.0,7
weak preferences (effects x0.5),AURA,19,11.4966,2.7,0
weak preferences (effects x0.5),static,19,5.5841,8.9,0
weak preferences (effects x0.5),heuristic,19,10.1065,8.9,3
weak preferences (effects x0.5),AURA,20,8.8449,26.9,2
weak preferences (effects x0.5),static,20,13.9379,94.8,0
weak preferences (effects x0.5),heuristic,20,3.8204,94.8,1
weak preferences (effects x0.5),AURA,21,13.1082,26.9,4
weak preferences (effects x0.5),static,21,9.8458,94.8,0
weak preferences (effects x0.5),heuristic,21,12.39,94.8,1
weak preferences (effects x0.5),AURA,22,19.3478,24.2,0
weak preferences (effects x0.5),static,22,26.9947,19.5,4
weak preferences (effects x0.5),heuristic,22,28.2498,80.6,0
weak preferences (effects x0.5),AURA,23,5.0975,26.9,2
weak preferences (effects x0.5),static,23,8.5803,54.5,4
weak preferences (effects x0.5),heuristic,23,11.9728,54.5,3
weak preferences (effects x0.5),AURA,24,14.3414,26.9,0
weak preferences (effects x0.5),static,24,35.3036,26.9,0
weak preferences (effects x0.5),heuristic,24,16.2016,94.8,0
weak preferences (effects x0.5),AURA,25,22.6324,94.8,0
weak preferences (effects x0.5),static,25,29.9079,94.8,5
weak preferences (effects x0.5),heuristic,25,25.1926,94.8,3
weak preferences (effects x0.5),AURA,26,21.5885,0.2,8
weak preferences (effects x0.5),static,26,9.8359,65.0,3
weak preferences (effects x0.5),heuristic,26,10.0948,12.7,4
weak preferences (effects x0.5),AURA,27,10.571,94.8,0
weak preferences (effects x0.5),static,27,30.8403,29.7,9
weak preferences (effects x0.5),heuristic,27,24.7347,54.5,9
weak preferences (effects x0.5),AURA,28,9.3512,94.8,1
weak preferences (effects x0.5),static,28,0.0,94.8,0
weak preferences (effects x0.5),heuristic,28,0.0,94.8,0
weak preferences (effects x0.5),AURA,29,12.2942,16.4,7
weak preferences (effects x0.5),static,29,20.8804,16.4,16
weak preferences (effects x0.5),heuristic,29,16.9272,73.8,9
weak preferences (effects x0.5),AURA,30,5.7451,94.8,0
weak preferences (effects x0.5),static,30,28.3282,8.8,12
weak preferences (effects x0.5),heuristic,30,15.4571,94.8,4
weak preferences (effects x0.5),AURA,31,12.8438,94.8,6
weak preferences (effects x0.5),static,31,15.5714,94.8,0
weak preferences (effects x0.5),heuristic,31,20.6141,8.8,10
weak preferences (effects x0.5),AURA,32,24.665,94.8,4
weak preferences (effects x0.5),static,32,31.8782,24.2,14
weak preferences (effects x0.5),heuristic,32,14.9516,94.8,1
weak preferences (effects x0.5),AURA,33,9.3658,26.9,2
weak preferences (effects x0.5),static,33,16.4402,12.7,0
weak preferences (effects x0.5),heuristic,33,13.5015,80.6,3
weak preferences (effects x0.5),AURA,34,5.4113,94.8,0
weak preferences (effects x0.5),static,34,33.8553,80.6,2
weak preferences (effects x0.5),heuristic,34,31.2918,26.9,0
weak preferences (effects x0.5),AURA,35,16.4026,94.8,0
weak preferences (effects x0.5),static,35,36.8462,2.7,19
weak preferences (effects x0.5),heuristic,35,19.1889,94.8,7
weak preferences (effects x0.5),AURA,36,12.6719,94.8,0
weak preferences (effects x0.5),static,36,42.4822,2.7,5
weak preferences (effects x0.5),heuristic,36,22.4771,94.8,1
weak preferences (effects x0.5),AURA,37,3.1483,94.8,2
weak preferences (effects x0.5),static,37,30.6088,17.8,13
weak preferences (effects x0.5),heuristic,37,14.3392,5.3,9
weak preferences (effects x0.5),AURA,38,1.997,94.8,0
weak preferences (effects x0.5),static,38,1.0386,94.8,0
weak preferences (effects x0.5),heuristic,38,1.0386,94.8,0
weak preferences (effects x0.5),AURA,39,16.148,94.8,0
weak preferences (effects x0.5),static,39,0.0935,94.8,0
weak preferences (effects x0.5),heuristic,39,0.0935,94.8,0
as in the main study (x1),AURA,0,20.0585,0.2,12
as in the main study (x1),static,0,18.6322,0.2,15
as in the main study (x1),heuristic,0,15.5081,0.2,13
as in the main study (x1),AURA,1,9.598,94.8,0
as in the main study (x1),static,1,47.446,94.8,7
as in the main study (x1),heuristic,1,10.7571,94.8,0
as in the main study (x1),AURA,2,23.4868,94.8,2
as in the main study (x1),static,2,42.3308,73.8,15
as in the main study (x1),heuristic,2,34.777,80.6,9
as in the main study (x1),AURA,3,0.1364,94.8,0
as in the main study (x1),static,3,9.3975,94.8,1
as in the main study (x1),heuristic,3,2.8187,94.8,0
as in the main study (x1),AURA,4,27.8903,94.8,0
as in the main study (x1),static,4,48.3098,89.8,1
as in the main study (x1),heuristic,4,29.92,94.8,0
as in the main study (x1),AURA,5,11.9849,94.8,1
as in the main study (x1),static,5,41.6399,94.8,2
as in the main study (x1),heuristic,5,23.1184,94.8,1
as in the main study (x1),AURA,6,27.7481,94.8,1
as in the main study (x1),static,6,27.7583,94.8,0
as in the main study (x1),heuristic,6,36.4909,94.8,0
as in the main study (x1),AURA,7,8.3693,94.8,0
as in the main study (x1),static,7,46.0815,19.5,1
as in the main study (x1),heuristic,7,8.3545,94.8,0
as in the main study (x1),AURA,8,11.7856,26.9,1
as in the main study (x1),static,8,34.5873,24.2,0
as in the main study (x1),heuristic,8,33.8194,24.2,0
as in the main study (x1),AURA,9,10.2165,94.8,2
as in the main study (x1),static,9,27.1171,94.8,2
as in the main study (x1),heuristic,9,26.5433,65.0,5
as in the main study (x1),AURA,10,7.3016,94.8,0
as in the main study (x1),static,10,0.9408,94.8,0
as in the main study (x1),heuristic,10,0.9408,94.8,0
as in the main study (x1),AURA,11,7.4393,94.8,0
as in the main study (x1),static,11,12.4074,94.8,0
as in the main study (x1),heuristic,11,12.4074,94.8,0
as in the main study (x1),AURA,12,30.2402,94.8,6
as in the main study (x1),static,12,0.0,94.8,0
as in the main study (x1),heuristic,12,0.0,94.8,0
as in the main study (x1),AURA,13,10.8509,92.7,9
as in the main study (x1),static,13,9.217,12.7,15
as in the main study (x1),heuristic,13,11.1374,0.2,13
as in the main study (x1),AURA,14,14.4895,94.8,0
as in the main study (x1),static,14,23.0937,94.8,0
as in the main study (x1),heuristic,14,22.625,94.8,0
as in the main study (x1),AURA,15,2.1636,94.8,1
as in the main study (x1),static,15,19.3729,94.8,1
as in the main study (x1),heuristic,15,6.5079,94.8,0
as in the main study (x1),AURA,16,2.3419,94.8,0
as in the main study (x1),static,16,50.5983,80.6,1
as in the main study (x1),heuristic,16,33.3522,26.9,1
as in the main study (x1),AURA,17,35.2311,5.3,5
as in the main study (x1),static,17,34.9651,42.2,19
as in the main study (x1),heuristic,17,9.2529,94.8,1
as in the main study (x1),AURA,18,23.8587,26.9,0
as in the main study (x1),static,18,46.0734,73.8,14
as in the main study (x1),heuristic,18,19.1203,94.8,3
as in the main study (x1),AURA,19,15.6973,94.8,0
as in the main study (x1),static,19,12.2912,94.8,0
as in the main study (x1),heuristic,19,21.3685,94.8,0
as in the main study (x1),AURA,20,0.7591,94.8,0
as in the main study (x1),static,20,0.1109,94.8,0
as in the main study (x1),heuristic,20,0.1109,94.8,0
as in the main study (x1),AURA,21,13.0468,94.8,1
as in the main study (x1),static,21,0.0,94.8,0
as in the main study (x1),heuristic,21,0.0,94.8,0
as in the main study (x1),AURA,22,3.7931,94.8,0
as in the main study (x1),static,22,23.0791,94.8,0
as in the main study (x1),heuristic,22,11.8692,94.8,0
as in the main study (x1),AURA,23,10.4417,89.8,0
as in the main study (x1),static,23,17.1605,89.8,2
as in the main study (x1),heuristic,23,24.6207,85.9,2
as in the main study (x1),AURA,24,9.9649,94.8,0
as in the main study (x1),static,24,67.3071,26.9,0
as in the main study (x1),heuristic,24,19.2921,94.8,0
as in the main study (x1),AURA,25,3.099,94.8,0
as in the main study (x1),static,25,6.9593,94.8,0
as in the main study (x1),heuristic,25,6.1106,94.8,0
as in the main study (x1),AURA,26,19.9744,94.8,1
as in the main study (x1),static,26,18.1983,26.9,0
as in the main study (x1),heuristic,26,12.8146,94.8,3
as in the main study (x1),AURA,27,6.7398,94.8,0
as in the main study (x1),static,27,42.8997,94.8,2
as in the main study (x1),heuristic,27,26.9646,94.8,0
as in the main study (x1),AURA,28,3.4273,94.8,0
as in the main study (x1),static,28,0.0,94.8,0
as in the main study (x1),heuristic,28,0.0,94.8,0
as in the main study (x1),AURA,29,21.3993,26.9,0
as in the main study (x1),static,29,45.3661,16.4,13
as in the main study (x1),heuristic,29,28.6112,94.8,12
as in the main study (x1),AURA,30,0.1253,94.8,0
as in the main study (x1),static,30,56.0433,8.8,12
as in the main study (x1),heuristic,30,12.4615,94.8,1
as in the main study (x1),AURA,31,33.9769,94.8,2
as in the main study (x1),static,31,8.6186,94.8,0
as in the main study (x1),heuristic,31,8.6186,94.8,0
as in the main study (x1),AURA,32,4.9782,94.8,0
as in the main study (x1),static,32,56.8256,24.2,14
as in the main study (x1),heuristic,32,4.2079,94.8,1
as in the main study (x1),AURA,33,19.3414,94.8,0
as in the main study (x1),static,33,33.9133,94.8,0
as in the main study (x1),heuristic,33,24.6895,94.8,0
as in the main study (x1),AURA,34,0.0,94.8,0
as in the main study (x1),static,34,13.4856,26.9,0
as in the main study (x1),heuristic,34,13.4856,26.9,0
as in the main study (x1),AURA,35,0.8612,94.8,0
as in the main study (x1),static,35,71.0432,2.7,19
as in the main study (x1),heuristic,35,4.1731,94.8,0
as in the main study (x1),AURA,36,0.0,94.8,0
as in the main study (x1),static,36,61.3433,2.7,5
as in the main study (x1),heuristic,36,15.3498,94.8,1
as in the main study (x1),AURA,37,0.9946,94.8,0
as in the main study (x1),static,37,60.8249,17.8,14
as in the main study (x1),heuristic,37,7.1298,94.8,1
as in the main study (x1),AURA,38,1.7319,94.8,0
as in the main study (x1),static,38,0.0084,94.8,0
as in the main study (x1),heuristic,38,0.0084,94.8,0
as in the main study (x1),AURA,39,4.5998,94.8,0
as in the main study (x1),static,39,0.0,94.8,0
as in the main study (x1),heuristic,39,0.0,94.8,0
strong preferences (effects x2),AURA,0,36.2581,94.8,8
strong preferences (effects x2),static,0,40.8264,0.2,17
strong preferences (effects x2),heuristic,0,32.1829,94.8,5
strong preferences (effects x2),AURA,1,5.5224,94.8,0
strong preferences (effects x2),static,1,72.1613,94.8,7
strong preferences (effects x2),heuristic,1,11.4751,94.8,0
strong preferences (effects x2),AURA,2,2.591,94.8,0
strong preferences (effects x2),static,2,62.2441,94.8,9
strong preferences (effects x2),heuristic,2,36.1557,94.8,0
strong preferences (effects x2),AURA,3,0.0,94.8,0
strong preferences (effects x2),static,3,0.0,94.8,0
strong preferences (effects x2),heuristic,3,0.0,94.8,0
strong preferences (effects x2),AURA,4,1.3091,94.8,0
strong preferences (effects x2),static,4,5.3365,94.8,0
strong preferences (effects x2),heuristic,4,5.3365,94.8,0
strong preferences (effects x2),AURA,5,0.0192,94.8,0
strong preferences (effects x2),static,5,0.0,94.8,0
strong preferences (effects x2),heuristic,5,0.0,94.8,0
strong preferences (effects x2),AURA,6,12.4838,94.8,1
strong preferences (effects x2),static,6,0.0,94.8,0
strong preferences (effects x2),heuristic,6,0.0,94.8,0
strong preferences (effects x2),AURA,7,2.2679,94.8,0
strong preferences (effects x2),static,7,22.1509,94.8,0
strong preferences (effects x2),heuristic,7,22.1509,94.8,0
strong preferences (effects x2),AURA,8,2.7723,89.8,0
strong preferences (effects x2),static,8,0.0175,94.8,0
strong preferences (effects x2),heuristic,8,0.0175,94.8,0
strong preferences (effects x2),AURA,9,4.8542,94.8,0
strong preferences (effects x2),static,9,3.4384,94.8,0
strong preferences (effects x2),heuristic,9,3.4384,94.8,0
strong preferences (effects x2),AURA,10,5.211,94.8,0
strong preferences (effects x2),static,10,0.0,94.8,0
strong preferences (effects x2),heuristic,10,0.0,94.8,0
strong preferences (effects x2),AURA,11,0.1412,94.8,0
strong preferences (effects x2),static,11,0.1412,94.8,0
strong preferences (effects x2),heuristic,11,0.1412,94.8,0
strong preferences (effects x2),AURA,12,0.0,94.8,0
strong preferences (effects x2),static,12,0.0,94.8,0
strong preferences (effects x2),heuristic,12,0.0,94.8,0
strong preferences (effects x2),AURA,13,12.8279,94.8,0
strong preferences (effects x2),static,13,25.398,94.8,1
strong preferences (effects x2),heuristic,13,31.6209,89.8,0
strong preferences (effects x2),AURA,14,10.2985,94.8,0
strong preferences (effects x2),static,14,0.0415,94.8,0
strong preferences (effects x2),heuristic,14,0.0415,94.8,0
strong preferences (effects x2),AURA,15,2.1767,94.8,1
strong preferences (effects x2),static,15,0.0,94.8,0
strong preferences (effects x2),heuristic,15,0.0,94.8,0
strong preferences (effects x2),AURA,16,2.3419,94.8,0
strong preferences (effects x2),static,16,0.1801,94.8,0
strong preferences (effects x2),heuristic,16,0.1801,94.8,0
strong preferences (effects x2),AURA,17,0.0347,94.8,0
strong preferences (effects x2),static,17,79.3448,16.4,19
strong preferences (effects x2),heuristic,17,2.6536,94.8,1
strong preferences (effects x2),AURA,18,1.0132,94.8,0
strong preferences (effects x2),static,18,72.1108,73.8,14
strong preferences (effects x2),heuristic,18,14.4029,94.8,2
strong preferences (effects x2),AURA,19,4.376,94.8,0
strong preferences (effects x2),static,19,0.0093,94.8,0
strong preferences (effects x2),heuristic,19,0.0093,94.8,0
strong preferences (effects x2),AURA,20,0.0,94.8,0
strong preferences (effects x2),static,20,0.0,94.8,0
strong preferences (effects x2),heuristic,20,0.0,94.8,0
strong preferences (effects x2),AURA,21,1.7564,94.8,0
strong preferences (effects x2),static,21,0.0,94.8,0
strong preferences (effects x2),heuristic,21,0.0,94.8,0
strong preferences (effects x2),AURA,22,7.2444,94.8,0
strong preferences (effects x2),static,22,0.0097,94.8,0
strong preferences (effects x2),heuristic,22,0.0097,94.8,0
strong preferences (effects x2),AURA,23,2.5973,94.8,0
strong preferences (effects x2),static,23,5.6573,94.8,0
strong preferences (effects x2),heuristic,23,5.6573,94.8,0
strong preferences (effects x2),AURA,24,0.0855,94.8,0
strong preferences (effects x2),static,24,58.6434,94.8,0
strong preferences (effects x2),heuristic,24,16.6189,94.8,0
strong preferences (effects x2),AURA,25,0.0,94.8,0
strong preferences (effects x2),static,25,0.0,94.8,0
strong preferences (effects x2),heuristic,25,0.0,94.8,0
strong preferences (effects x2),AURA,26,2.4008,26.9,0
strong preferences (effects x2),static,26,0.0,26.9,0
strong preferences (effects x2),heuristic,26,0.0,26.9,0
strong preferences (effects x2),AURA,27,2.7922,94.8,0
strong preferences (effects x2),static,27,1.5082,94.8,0
strong preferences (effects x2),heuristic,27,1.5082,94.8,0
strong preferences (effects x2),AURA,28,0.2404,94.8,0
strong preferences (effects x2),static,28,0.0,94.8,0
strong preferences (effects x2),heuristic,28,0.0,94.8,0
strong preferences (effects x2),AURA,29,3.2245,26.9,0
strong preferences (effects x2),static,29,69.0452,19.5,14
strong preferences (effects x2),heuristic,29,25.9637,94.8,1
strong preferences (effects x2),AURA,30,0.0,94.8,0
strong preferences (effects x2),static,30,73.1713,8.8,12
strong preferences (effects x2),heuristic,30,13.0427,94.8,1
strong preferences (effects x2),AURA,31,4.8906,94.8,0
strong preferences (effects x2),static,31,0.0,94.8,0
strong preferences (effects x2),heuristic,31,0.0,94.8,0
strong preferences (effects x2),AURA,32,1.6701,94.8,0
strong preferences (effects x2),static,32,58.8308,24.2,14
strong preferences (effects x2),heuristic,32,4.0,94.8,1
strong preferences (effects x2),AURA,33,0.0,94.8,0
strong preferences (effects x2),static,33,29.2077,94.8,0
strong preferences (effects x2),heuristic,33,3.5562,94.8,0
strong preferences (effects x2),AURA,34,0.0,94.8,0
strong preferences (effects x2),static,34,0.0,94.8,0
strong preferences (effects x2),heuristic,34,0.0,94.8,0
strong preferences (effects x2),AURA,35,0.0,94.8,0
strong preferences (effects x2),static,35,75.4529,2.7,19
strong preferences (effects x2),heuristic,35,3.6661,94.8,0
strong preferences (effects x2),AURA,36,0.0,94.8,0
strong preferences (effects x2),static,36,61.3514,2.7,5
strong preferences (effects x2),heuristic,36,15.3498,94.8,1
strong preferences (effects x2),AURA,37,0.0,94.8,0
strong preferences (effects x2),static,37,59.2747,85.9,13
strong preferences (effects x2),heuristic,37,5.007,94.8,1
strong preferences (effects x2),AURA,38,1.0254,94.8,0
strong preferences (effects x2),static,38,0.0,94.8,0
strong preferences (effects x2),heuristic,38,0.0,94.8,0
strong preferences (effects x2),AURA,39,4.2067,94.8,0
strong preferences (effects x2),static,39,0.0,94.8,0
strong preferences (effects x2),heuristic,39,0.0,94.8,0
easily upset children (distress x2),AURA,0,11.6118,0.2,15
easily upset children (distress x2),static,0,19.5912,8.9,11
easily upset children (distress x2),heuristic,0,14.1508,8.9,14
easily upset children (distress x2),AURA,1,9.598,94.8,0
easily upset children (distress x2),static,1,44.7261,22.2,6
easily upset children (distress x2),heuristic,1,10.7585,94.8,0
easily upset children (distress x2),AURA,2,19.9126,94.8,2
easily upset children (distress x2),static,2,36.361,0.2,16
easily upset children (distress x2),heuristic,2,36.4242,1.0,9
easily upset children (distress x2),AURA,3,0.1559,94.8,0
easily upset children (distress x2),static,3,3.4923,94.8,0
easily upset children (distress x2),heuristic,3,3.4923,94.8,0
easily upset children (distress x2),AURA,4,22.0285,94.8,1
easily upset children (distress x2),static,4,47.9243,12.7,11
easily upset children (distress x2),heuristic,4,44.8943,94.8,3
easily upset children (distress x2),AURA,5,20.8454,94.8,2
easily upset children (distress x2),static,5,42.8067,26.9,3
easily upset children (distress x2),heuristic,5,16.2982,94.8,2
easily upset children (distress x2),AURA,6,27.7481,94.8,5
easily upset children (distress x2),static,6,27.7595,94.8,0
easily upset children (distress x2),heuristic,6,36.136,94.8,3
easily upset children (distress x2),AURA,7,8.3633,94.8,2
easily upset children (distress x2),static,7,41.4078,94.8,9
easily upset children (distress x2),heuristic,7,8.6998,94.8,2
easily upset children (distress x2),AURA,8,11.7989,26.9,2
easily upset children (distress x2),static,8,33.859,94.8,0
easily upset children (distress x2),heuristic,8,33.9026,24.2,0
easily upset children (distress x2),AURA,9,10.2165,94.8,2
easily upset children (distress x2),static,9,27.1171,94.8,2
easily upset children (distress x2),heuristic,9,26.4035,12.7,5
easily upset children (distress x2),AURA,10,7.6068,94.8,1
easily upset children (distress x2),static,10,0.9731,94.8,0
easily upset children (distress x2),heuristic,10,0.9731,94.8,0
easily upset children (distress x2),AURA,11,7.5069,94.8,0
easily upset children (distress x2),static,11,12.4793,94.8,0
easily upset children (distress x2),heuristic,11,12.4793,94.8,0
easily upset children (distress x2),AURA,12,30.2403,94.8,6
easily upset children (distress x2),static,12,0.0,94.8,0
easily upset children (distress x2),heuristic,12,0.0,94.8,0
easily upset children (distress x2),AURA,13,9.4792,12.7,17
easily upset children (distress x2),static,13,9.217,2.7,11
easily upset children (distress x2),heuristic,13,11.6091,0.2,12
easily upset children (distress x2),AURA,14,15.7513,26.9,3
easily upset children (distress x2),static,14,22.6554,94.8,2
easily upset children (distress x2),heuristic,14,22.2743,94.8,3
easily upset children (distress x2),AURA,15,2.1777,94.8,1
easily upset children (distress x2),static,15,11.4732,94.8,0
easily upset children (distress x2),heuristic,15,11.4732,94.8,0
easily upset children (distress x2),AURA,16,2.3657,94.8,1
easily upset children (distress x2),static,16,46.2902,94.8,3
easily upset children (distress x2),heuristic,16,33.7068,26.9,1
easily upset children (distress x2),AURA,17,35.2311,5.3,11
easily upset children (distress x2),static,17,35.5431,0.2,16
easily upset children (distress x2),heuristic,17,9.2536,94.8,1
easily upset children (distress x2),AURA,18,23.8591,26.9,0
easily upset children (distress x2),static,18,46.0734,73.8,15
easily upset children (distress x2),heuristic,18,19.1203,94.8,3
easily upset children (distress x2),AURA,19,15.6973,94.8,0
easily upset children (distress x2),static,19,12.2912,94.8,0
easily upset children (distress x2),heuristic,19,21.3685,94.8,0
easily upset children (distress x2),AURA,20,0.7933,94.8,0
easily upset children (distress x2),static,20,0.1337,94.8,0
easily upset children (distress x2),heuristic,20,0.1337,94.8,0
easily upset children (distress x2),AURA,21,13.0537,94.8,1
easily upset children (distress x2),static,21,0.0,94.8,0
easily upset children (distress x2),heuristic,21,0.0,94.8,0
easily upset children (distress x2),AURA,22,3.8422,94.8,0
easily upset children (distress x2),static,22,23.5039,94.8,0
easily upset children (distress x2),heuristic,22,12.1544,94.8,0
easily upset children (distress x2),AURA,23,10.4417,89.8,1
easily upset children (distress x2),static,23,17.1605,85.9,5
easily upset children (distress x2),heuristic,23,24.6207,85.9,4
easily upset children (distress x2),AURA,24,9.9847,94.8,0
easily upset children (distress x2),static,24,67.4572,26.9,1
easily upset children (distress x2),heuristic,24,19.3343,94.8,0
easily upset children (distress x2),AURA,25,2.8722,94.8,0
easily upset children (distress x2),static,25,7.1555,94.8,0
easily upset children (distress x2),heuristic,25,7.1555,94.8,0
easily upset children (distress x2),AURA,26,20.0039,94.8,2
easily upset children (distress x2),static,26,18.2481,26.9,0
easily upset children (distress x2),heuristic,26,12.827,94.8,3
easily upset children (distress x2),AURA,27,12.1023,94.8,0
easily upset children (distress x2),static,27,43.5544,26.9,8
easily upset children (distress x2),heuristic,27,24.5494,94.8,1
easily upset children (distress x2),AURA,28,3.5689,94.8,0
easily upset children (distress x2),static,28,0.0,94.8,0
easily upset children (distress x2),heuristic,28,0.0,94.8,0
easily upset children (distress x2),AURA,29,21.3993,26.9,2
easily upset children (distress x2),static,29,40.8595,2.7,14
easily upset children (distress x2),heuristic,29,30.6807,8.9,10
easily upset children (distress x2),AURA,30,0.1253,94.8,0
easily upset children (distress x2),static,30,58.7319,0.2,9
easily upset children (distress x2),heuristic,30,12.0993,94.8,1
easily upset children (distress x2),AURA,31,23.1465,94.8,1
easily upset children (distress x2),static,31,8.7376,94.8,0
easily upset children (distress x2),heuristic,31,8.7376,94.8,0
easily upset children (distress x2),AURA,32,4.9809,94.8,0
easily upset children (distress x2),static,32,62.2794,92.7,11
easily upset children (distress x2),heuristic,32,4.2095,94.8,1
easily upset children (distress x2),AURA,33,19.3414,94.8,0
easily upset children (distress x2),static,33,33.9133,94.8,0
easily upset children (distress x2),heuristic,33,25.1907,89.8,1
easily upset children (distress x2),AURA,34,0.0,94.8,0
easily upset children (distress x2),static,34,15.5739,94.8,1
easily upset children (distress x2),heuristic,34,13.1189,94.8,1
easily upset children (distress x2),AURA,35,0.9019,94.8,0
easily upset children (distress x2),static,35,69.5217,8.8,13
easily upset children (distress x2),heuristic,35,4.4691,94.8,1
easily upset children (distress x2),AURA,36,0.0,94.8,0
easily upset children (distress x2),static,36,65.9751,19.5,10
easily upset children (distress x2),heuristic,36,15.7801,94.8,3
easily upset children (distress x2),AURA,37,1.0121,94.8,0
easily upset children (distress x2),static,37,58.4029,2.7,9
easily upset children (distress x2),heuristic,37,5.2911,94.8,1
easily upset children (distress x2),AURA,38,1.743,94.8,0
easily upset children (distress x2),static,38,0.0132,94.8,0
easily upset children (distress x2),heuristic,38,0.0132,94.8,0
easily upset children (distress x2),AURA,39,5.3195,94.8,1
easily upset children (distress x2),static,39,0.0,94.8,0
easily upset children (distress x2),heuristic,39,0.0,94.8,0
archetype: finds mistakes upsetting,AURA,0,8.99,22.2,13
archetype: finds mistakes upsetting,static,0,19.0432,0.2,8
archetype: finds mistakes upsetting,heuristic,0,14.0248,8.8,12
archetype: finds mistakes upsetting,AURA,1,26.4574,94.8,1
archetype: finds mistakes upsetting,static,1,44.7261,2.7,8
archetype: finds mistakes upsetting,heuristic,1,10.844,94.8,0
archetype: finds mistakes upsetting,AURA,2,16.4639,94.8,3
archetype: finds mistakes upsetting,static,2,37.9891,0.2,18
archetype: finds mistakes upsetting,heuristic,2,32.6876,5.3,7
archetype: finds mistakes upsetting,AURA,3,1.3602,94.8,0
archetype: finds mistakes upsetting,static,3,14.9843,94.8,0
archetype: finds mistakes upsetting,heuristic,3,14.9843,94.8,0
archetype: finds mistakes upsetting,AURA,4,28.0146,94.8,2
archetype: finds mistakes upsetting,static,4,47.5527,0.2,11
archetype: finds mistakes upsetting,heuristic,4,34.6994,89.8,4
archetype: finds mistakes upsetting,AURA,5,17.7643,94.8,3
archetype: finds mistakes upsetting,static,5,51.617,94.8,4
archetype: finds mistakes upsetting,heuristic,5,53.5907,94.8,4
archetype: finds mistakes upsetting,AURA,6,29.5667,26.9,6
archetype: finds mistakes upsetting,static,6,27.8532,94.8,0
archetype: finds mistakes upsetting,heuristic,6,36.1511,94.8,3
archetype: finds mistakes upsetting,AURA,7,13.9902,94.8,2
archetype: finds mistakes upsetting,static,7,40.1453,26.9,11
archetype: finds mistakes upsetting,heuristic,7,15.041,94.8,2
archetype: finds mistakes upsetting,AURA,8,14.216,26.9,2
archetype: finds mistakes upsetting,static,8,37.4608,12.7,7
archetype: finds mistakes upsetting,heuristic,8,40.1218,24.2,5
archetype: finds mistakes upsetting,AURA,9,7.6225,89.8,3
archetype: finds mistakes upsetting,static,9,24.6011,22.2,8
archetype: finds mistakes upsetting,heuristic,9,24.7112,80.6,10
archetype: finds mistakes upsetting,AURA,10,6.3169,94.8,1
archetype: finds mistakes upsetting,static,10,10.3896,94.8,0
archetype: finds mistakes upsetting,heuristic,10,10.3896,94.8,0
archetype: finds mistakes upsetting,AURA,11,36.6034,94.8,2
archetype: finds mistakes upsetting,static,11,27.3613,94.8,0
archetype: finds mistakes upsetting,heuristic,11,26.9052,94.8,0
archetype: finds mistakes upsetting,AURA,12,22.6517,26.9,6
archetype: finds mistakes upsetting,static,12,0.0,94.8,0
archetype: finds mistakes upsetting,heuristic,12,0.0,94.8,0
archetype: finds mistakes upsetting,AURA,13,3.8701,0.2,7
archetype: finds mistakes upsetting,static,13,8.3977,0.2,14
archetype: finds mistakes upsetting,heuristic,13,9.8753,8.8,12
archetype: finds mistakes upsetting,AURA,14,20.6723,94.8,3
archetype: finds mistakes upsetting,static,14,24.244,26.9,7
archetype: finds mistakes upsetting,heuristic,14,26.3447,26.9,6
archetype: finds mistakes upsetting,AURA,15,1.4262,94.8,0
archetype: finds mistakes upsetting,static,15,21.1228,94.8,0
archetype: finds mistakes upsetting,heuristic,15,21.1228,94.8,0
archetype: finds mistakes upsetting,AURA,16,2.5173,94.8,1
archetype: finds mistakes upsetting,static,16,49.2834,26.9,7
archetype: finds mistakes upsetting,heuristic,16,43.006,94.8,4
archetype: finds mistakes upsetting,AURA,17,23.8324,94.8,9
archetype: finds mistakes upsetting,static,17,34.3872,0.2,13
archetype: finds mistakes upsetting,heuristic,17,9.165,94.8,1
archetype: finds mistakes upsetting,AURA,18,23.9703,12.7,2
archetype: finds mistakes upsetting,static,18,43.1533,8.8,10
archetype: finds mistakes upsetting,heuristic,18,25.0132,19.5,8
archetype: finds mistakes upsetting,AURA,19,13.408,89.8,0
archetype: finds mistakes upsetting,static,19,12.2912,94.8,0
archetype: finds mistakes upsetting,heuristic,19,18.8263,8.9,0
archetype: finds mistakes upsetting,AURA,20,9.6415,94.8,0
archetype: finds mistakes upsetting,static,20,2.1873,94.8,0
archetype: finds mistakes upsetting,heuristic,20,2.1873,94.8,0
archetype: finds mistakes upsetting,AURA,21,7.8114,94.8,1
archetype: finds mistakes upsetting,static,21,0.1973,94.8,0
archetype: finds mistakes upsetting,heuristic,21,0.1973,94.8,0
archetype: finds mistakes upsetting,AURA,22,15.4272,94.8,0
archetype: finds mistakes upsetting,static,22,33.6849,94.8,1
archetype: finds mistakes upsetting,heuristic,22,20.4762,94.8,1
archetype: finds mistakes upsetting,AURA,23,10.1612,8.8,1
archetype: finds mistakes upsetting,static,23,18.5906,85.9,6
archetype: finds mistakes upsetting,heuristic,23,20.8166,54.5,5
archetype: finds mistakes upsetting,AURA,24,8.791,94.8,0
archetype: finds mistakes upsetting,static,24,58.9062,29.7,6
archetype: finds mistakes upsetting,heuristic,24,23.0224,94.8,1
archetype: finds mistakes upsetting,AURA,25,5.3227,94.8,0
archetype: finds mistakes upsetting,static,25,18.4303,94.8,1
archetype: finds mistakes upsetting,heuristic,25,17.7846,94.8,1
archetype: finds mistakes upsetting,AURA,26,27.1462,94.8,10
archetype: finds mistakes upsetting,static,26,21.7498,94.8,0
archetype: finds mistakes upsetting,heuristic,26,8.6563,94.8,2
archetype: finds mistakes upsetting,AURA,27,13.8268,94.8,0
archetype: finds mistakes upsetting,static,27,46.7363,8.8,9
archetype: finds mistakes upsetting,heuristic,27,30.2179,94.8,2
archetype: finds mistakes upsetting,AURA,28,6.9904,94.8,0
archetype: finds mistakes upsetting,static,28,0.0,94.8,0
archetype: finds mistakes upsetting,heuristic,28,0.0,94.8,0
archetype: finds mistakes upsetting,AURA,29,13.0636,29.7,4
archetype: finds mistakes upsetting,static,29,40.8595,8.9,14
archetype: finds mistakes upsetting,heuristic,29,27.995,94.8,10
archetype: finds mistakes upsetting,AURA,30,0.4464,94.8,0
archetype: finds mistakes upsetting,static,30,59.2229,0.2,8
archetype: finds mistakes upsetting,heuristic,30,6.5058,94.8,1
archetype: finds mistakes upsetting,AURA,31,12.2006,26.9,3
archetype: finds mistakes upsetting,static,31,19.8376,94.8,0
archetype: finds mistakes upsetting,heuristic,31,29.685,94.8,4
archetype: finds mistakes upsetting,AURA,32,22.4347,94.8,2
archetype: finds mistakes upsetting,static,32,67.5844,8.8,14
archetype: finds mistakes upsetting,heuristic,32,6.4675,94.8,1
archetype: finds mistakes upsetting,AURA,33,15.5674,94.8,0
archetype: finds mistakes upsetting,static,33,33.569,42.2,0
archetype: finds mistakes upsetting,heuristic,33,23.1512,8.8,4
archetype: finds mistakes upsetting,AURA,34,0.0,94.8,0
archetype: finds mistakes upsetting,static,34,28.1316,26.9,0
archetype: finds mistakes upsetting,heuristic,34,26.3896,26.9,0
archetype: finds mistakes upsetting,AURA,35,1.1558,94.8,0
archetype: finds mistakes upsetting,static,35,70.9632,0.2,13
archetype: finds mistakes upsetting,heuristic,35,5.1735,94.8,1
archetype: finds mistakes upsetting,AURA,36,0.0283,94.8,0
archetype: finds mistakes upsetting,static,36,67.9893,24.2,9
archetype: finds mistakes upsetting,heuristic,36,20.3379,94.8,2
archetype: finds mistakes upsetting,AURA,37,1.3268,94.8,0
archetype: finds mistakes upsetting,static,37,55.7922,8.8,15
archetype: finds mistakes upsetting,heuristic,37,11.0507,94.8,2
archetype: finds mistakes upsetting,AURA,38,3.0728,94.8,0
archetype: finds mistakes upsetting,static,38,0.0782,94.8,0
archetype: finds mistakes upsetting,heuristic,38,0.0782,94.8,0
archetype: finds mistakes upsetting,AURA,39,6.5665,94.8,0
archetype: finds mistakes upsetting,static,39,0.0,94.8,0
archetype: finds mistakes upsetting,heuristic,39,0.0,94.8,0
"archetype: slow, steady learner",AURA,0,12.3519,8.8,19
"archetype: slow, steady learner",static,0,19.0432,0.2,13
"archetype: slow, steady learner",heuristic,0,13.4236,0.2,14
"archetype: slow, steady learner",AURA,1,19.1584,26.9,0
"archetype: slow, steady learner",static,1,42.0063,54.5,15
"archetype: slow, steady learner",heuristic,1,6.1068,19.5,0
"archetype: slow, steady learner",AURA,2,25.7009,92.7,7
"archetype: slow, steady learner",static,2,36.9037,0.2,16
"archetype: slow, steady learner",heuristic,2,30.2883,26.9,12
"archetype: slow, steady learner",AURA,3,5.3636,94.8,1
"archetype: slow, steady learner",static,3,44.6213,94.8,1
"archetype: slow, steady learner",heuristic,3,39.9386,26.9,2
"archetype: slow, steady learner",AURA,4,24.2314,89.8,1
"archetype: slow, steady learner",static,4,53.5597,0.2,12
"archetype: slow, steady learner",heuristic,4,39.1876,92.7,3
"archetype: slow, steady learner",AURA,5,27.888,94.8,1
"archetype: slow, steady learner",static,5,53.2178,94.8,14
"archetype: slow, steady learner",heuristic,5,56.0523,19.5,7
"archetype: slow, steady learner",AURA,6,29.225,94.8,13
"archetype: slow, steady learner",static,6,28.008,94.8,6
"archetype: slow, steady learner",heuristic,6,27.0219,0.2,12
"archetype: slow, steady learner",AURA,7,23.5342,94.8,5
"archetype: slow, steady learner",static,7,35.8531,25.8,14
"archetype: slow, steady learner",heuristic,7,19.0771,5.3,6
"archetype: slow, steady learner",AURA,8,16.8563,94.8,5
"archetype: slow, steady learner",static,8,35.0495,89.8,6
"archetype: slow, steady learner",heuristic,8,35.9707,26.9,5
"archetype: slow, steady learner",AURA,9,8.2481,19.5,9
"archetype: slow, steady learner",static,9,20.827,54.5,13
"archetype: slow, steady learner",heuristic,9,22.5836,0.2,14
"archetype: slow, steady learner",AURA,10,24.8937,94.8,1
"archetype: slow, steady learner",static,10,29.5201,26.9,2
"archetype: slow, steady learner",heuristic,10,29.9891,26.9,2
"archetype: slow, steady learner",AURA,11,32.6197,65.0,3
"archetype: slow, steady learner",static,11,33.1339,94.8,0
"archetype: slow, steady learner",heuristic,11,33.8887,94.8,0
"archetype: slow, steady learner",AURA,12,9.0331,94.8,10
"archetype: slow, steady learner",static,12,0.0,94.8,0
"archetype: slow, steady learner",heuristic,12,10.1217,94.8,4
"archetype: slow, steady learner",AURA,13,9.5077,0.2,11
"archetype: slow, steady learner",static,13,8.1929,0.2,15
"archetype: slow, steady learner",heuristic,13,10.6786,0.2,15
"archetype: slow, steady learner",AURA,14,36.2567,1.0,10
"archetype: slow, steady learner",static,14,19.6072,8.8,12
"archetype: slow, steady learner",heuristic,14,21.6193,8.8,9
"archetype: slow, steady learner",AURA,15,24.1076,94.8,2
"archetype: slow, steady learner",static,15,50.3191,54.5,14
"archetype: slow, steady learner",heuristic,15,41.6319,94.8,6
"archetype: slow, steady learner",AURA,16,15.3358,94.8,0
"archetype: slow, steady learner",static,16,56.9975,12.7,9
"archetype: slow, steady learner",heuristic,16,54.2444,26.9,6
"archetype: slow, steady learner",AURA,17,23.7934,0.2,9
"archetype: slow, steady learner",static,17,35.5431,0.2,15
"archetype: slow, steady learner",heuristic,17,17.0071,8.9,11
"archetype: slow, steady learner",AURA,18,12.0037,26.9,1
"archetype: slow, steady learner",static,18,43.1533,8.8,10
"archetype: slow, steady learner",heuristic,18,20.8006,0.2,11
"archetype: slow, steady learner",AURA,19,25.6933,0.2,1
"archetype: slow, steady learner",static,19,11.2306,54.5,1
"archetype: slow, steady learner",heuristic,19,19.2585,17.8,2
"archetype: slow, steady learner",AURA,20,25.8298,94.8,2
"archetype: slow, steady learner",static,20,27.8758,94.8,0
"archetype: slow, steady learner",heuristic,20,7.6408,94.8,1
"archetype: slow, steady learner",AURA,21,24.727,94.8,2
"archetype: slow, steady learner",static,21,19.7709,94.8,0
"archetype: slow, steady learner",heuristic,21,26.4156,94.8,4
"archetype: slow, steady learner",AURA,22,16.0496,26.9,0
"archetype: slow, steady learner",static,22,49.7357,16.4,11
"archetype: slow, steady learner",heuristic,22,45.8695,94.8,7
"archetype: slow, steady learner",AURA,23,15.5528,29.7,1
"archetype: slow, steady learner",static,23,15.4241,0.2,8
"archetype: slow, steady learner",heuristic,23,22.3975,0.2,7
"archetype: slow, steady learner",AURA,24,18.7526,94.8,0
"archetype: slow, steady learner",static,24,56.7053,0.2,10
"archetype: slow, steady learner",heuristic,24,21.4289,24.2,1
"archetype: slow, steady learner",AURA,25,20.628,94.8,0
"archetype: slow, steady learner",static,25,49.7762,94.8,10
"archetype: slow, steady learner",heuristic,25,46.3673,94.8,4
"archetype: slow, steady learner",AURA,26,28.2408,25.8,13
"archetype: slow, steady learner",static,26,21.013,94.8,0
"archetype: slow, steady learner",heuristic,26,16.171,94.8,1
"archetype: slow, steady learner",AURA,27,37.7032,65.0,6
"archetype: slow, steady learner",static,27,50.6539,0.2,14
"archetype: slow, steady learner",heuristic,27,47.9755,42.2,9
"archetype: slow, steady learner",AURA,28,29.8922,94.8,3
"archetype: slow, steady learner",static,28,0.0,94.8,0
"archetype: slow, steady learner",heuristic,28,0.0,94.8,0
"archetype: slow, steady learner",AURA,29,15.5509,24.2,1
"archetype: slow, steady learner",static,29,41.7608,8.9,15
"archetype: slow, steady learner",heuristic,29,31.2458,8.8,17
"archetype: slow, steady learner",AURA,30,10.0971,26.9,0
"archetype: slow, steady learner",static,30,44.0177,0.2,13
"archetype: slow, steady learner",heuristic,30,11.0121,94.8,3
"archetype: slow, steady learner",AURA,31,20.0558,94.8,5
"archetype: slow, steady learner",static,31,30.6661,94.8,1
"archetype: slow, steady learner",heuristic,31,34.039,19.5,5
"archetype: slow, steady learner",AURA,32,11.1159,94.8,1
"archetype: slow, steady learner",static,32,52.9539,0.2,9
"archetype: slow, steady learner",heuristic,32,29.1455,94.8,1
"archetype: slow, steady learner",AURA,33,13.0568,24.2,0
"archetype: slow, steady learner",static,33,28.5767,73.8,2
"archetype: slow, steady learner",heuristic,33,20.6541,29.7,8
"archetype: slow, steady learner",AURA,34,2.5343,94.8,0
"archetype: slow, steady learner",static,34,59.1212,19.5,2
"archetype: slow, steady learner",heuristic,34,41.8652,94.8,1
"archetype: slow, steady learner",AURA,35,8.55,94.8,0
"archetype: slow, steady learner",static,35,71.8066,0.2,14
"archetype: slow, steady learner",heuristic,35,24.1391,94.8,1
"archetype: slow, steady learner",AURA,36,13.6181,94.8,0
"archetype: slow, steady learner",static,36,80.7788,17.8,14
"archetype: slow, steady learner",heuristic,36,23.2651,94.8,0
"archetype: slow, steady learner",AURA,37,16.8702,94.8,2
"archetype: slow, steady learner",static,37,57.9527,8.8,17
"archetype: slow, steady learner",heuristic,37,22.6637,24.2,3
"archetype: slow, steady learner",AURA,38,19.5908,94.8,0
"archetype: slow, steady learner",static,38,19.0373,94.8,0
"archetype: slow, steady learner",heuristic,38,19.0373,94.8,0
"archetype: slow, steady learner",AURA,39,6.0041,94.8,1
"archetype: slow, steady learner",static,39,0.089,94.8,0
"archetype: slow, steady learner",heuristic,39,0.089,94.8,0
archetype: one strongly preferred way of working,AURA,0,25.5044,26.9,1
archetype: one strongly preferred way of working,static,0,31.4876,0.2,12
archetype: one strongly preferred way of working,heuristic,0,23.851,2.7,12
archetype: one strongly preferred way of working,AURA,1,5.8027,94.8,0
archetype: one strongly preferred way of working,static,1,72.1613,94.8,7
archetype: one strongly preferred way of working,heuristic,1,11.4751,94.8,0
archetype: one strongly preferred way of working,AURA,2,5.6853,94.8,0
archetype: one strongly preferred way of working,static,2,44.8702,5.3,4
archetype: one strongly preferred way of working,heuristic,2,38.9106,12.7,2
archetype: one strongly preferred way of working,AURA,3,0.0,94.8,0
archetype: one strongly preferred way of working,static,3,0.0,94.8,0
archetype: one strongly preferred way of working,heuristic,3,0.0,94.8,0
archetype: one strongly preferred way of working,AURA,4,0.0274,94.8,0
archetype: one strongly preferred way of working,static,4,0.0274,94.8,0
archetype: one strongly preferred way of working,heuristic,4,0.0274,94.8,0
archetype: one strongly preferred way of working,AURA,5,0.0192,94.8,0
archetype: one strongly preferred way of working,static,5,0.0,94.8,0
archetype: one strongly preferred way of working,heuristic,5,0.0,94.8,0
archetype: one strongly preferred way of working,AURA,6,22.2967,94.8,1
archetype: one strongly preferred way of working,static,6,40.3674,94.8,0
archetype: one strongly preferred way of working,heuristic,6,27.856,94.8,1
archetype: one strongly preferred way of working,AURA,7,0.5172,94.8,0
archetype: one strongly preferred way of working,static,7,79.8864,24.2,18
archetype: one strongly preferred way of working,heuristic,7,4.4879,94.8,1
archetype: one strongly preferred way of working,AURA,8,2.5022,89.8,0
archetype: one strongly preferred way of working,static,8,0.0,94.8,0
archetype: one strongly preferred way of working,heuristic,8,0.0,94.8,0
archetype: one strongly preferred way of working,AURA,9,1.2022,94.8,0
archetype: one strongly preferred way of working,static,9,2.1132,94.8,0
archetype: one strongly preferred way of working,heuristic,9,2.1132,94.8,0
archetype: one strongly preferred way of working,AURA,10,7.4386,94.8,0
archetype: one strongly preferred way of working,static,10,0.0,94.8,0
archetype: one strongly preferred way of working,heuristic,10,0.0,94.8,0
archetype: one strongly preferred way of working,AURA,11,0.0179,94.8,0
archetype: one strongly preferred way of working,static,11,0.0179,94.8,0
archetype: one strongly preferred way of working,heuristic,11,0.0179,94.8,0
archetype: one strongly preferred way of working,AURA,12,0.0,94.8,0
archetype: one strongly preferred way of working,static,12,0.0,94.8,0
archetype: one strongly preferred way of working,heuristic,12,0.0,94.8,0
archetype: one strongly preferred way of working,AURA,13,27.6318,80.6,0
archetype: one strongly preferred way of working,static,13,24.7474,94.8,1
archetype: one strongly preferred way of working,heuristic,13,29.2084,89.8,0
archetype: one strongly preferred way of working,AURA,14,11.4332,94.8,0
archetype: one strongly preferred way of working,static,14,0.0415,94.8,0
archetype: one strongly preferred way of working,heuristic,14,0.0415,94.8,0
archetype: one strongly preferred way of working,AURA,15,2.1767,94.8,1
archetype: one strongly preferred way of working,static,15,0.0,94.8,0
archetype: one strongly preferred way of working,heuristic,15,0.0,94.8,0
archetype: one strongly preferred way of working,AURA,16,2.3419,94.8,0
archetype: one strongly preferred way of working,static,16,0.0,94.8,0
archetype: one strongly preferred way of working,heuristic,16,0.0,94.8,0
archetype: one strongly preferred way of working,AURA,17,0.0,94.8,0
archetype: one strongly preferred way of working,static,17,76.4655,0.2,17
archetype: one strongly preferred way of working,heuristic,17,2.7866,94.8,1
archetype: one strongly preferred way of working,AURA,18,1.0132,94.8,0
archetype: one strongly preferred way of working,static,18,63.6321,73.8,14
archetype: one strongly preferred way of working,heuristic,18,13.9909,94.8,2
archetype: one strongly preferred way of working,AURA,19,6.6579,94.8,0
archetype: one strongly preferred way of working,static,19,6.9486,94.8,0
archetype: one strongly preferred way of working,heuristic,19,6.9486,94.8,0
archetype: one strongly preferred way of working,AURA,20,0.0,94.8,0
archetype: one strongly preferred way of working,static,20,0.0,94.8,0
archetype: one strongly preferred way of working,heuristic,20,0.0,94.8,0
archetype: one strongly preferred way of working,AURA,21,1.7564,94.8,0
archetype: one strongly preferred way of working,static,21,0.0,94.8,0
archetype: one strongly preferred way of working,heuristic,21,0.0,94.8,0
archetype: one strongly preferred way of working,AURA,22,7.2444,94.8,0
archetype: one strongly preferred way of working,static,22,0.0,94.8,0
archetype: one strongly preferred way of working,heuristic,22,0.0,94.8,0
archetype: one strongly preferred way of working,AURA,23,1.6802,94.8,0
archetype: one strongly preferred way of working,static,23,5.4536,94.8,0
archetype: one strongly preferred way of working,heuristic,23,5.4536,94.8,0
archetype: one strongly preferred way of working,AURA,24,0.0855,94.8,0
archetype: one strongly preferred way of working,static,24,78.3276,54.5,1
archetype: one strongly preferred way of working,heuristic,24,21.9493,94.8,1
archetype: one strongly preferred way of working,AURA,25,0.0,94.8,0
archetype: one strongly preferred way of working,static,25,0.0,94.8,0
archetype: one strongly preferred way of working,heuristic,25,0.0,94.8,0
archetype: one strongly preferred way of working,AURA,26,2.351,26.9,0
archetype: one strongly preferred way of working,static,26,0.0,26.9,0
archetype: one strongly preferred way of working,heuristic,26,0.0,26.9,0
archetype: one strongly preferred way of working,AURA,27,2.7922,94.8,0
archetype: one strongly preferred way of working,static,27,1.5082,94.8,0
archetype: one strongly preferred way of working,heuristic,27,1.5082,94.8,0
archetype: one strongly preferred way of working,AURA,28,0.2404,94.8,0
archetype: one strongly preferred way of working,static,28,0.0,94.8,0
archetype: one strongly preferred way of working,heuristic,28,0.0,94.8,0
archetype: one strongly preferred way of working,AURA,29,6.7229,94.8,1
archetype: one strongly preferred way of working,static,29,49.5437,19.5,14
archetype: one strongly preferred way of working,heuristic,29,42.5304,94.8,4
archetype: one strongly preferred way of working,AURA,30,0.0,94.8,0
archetype: one strongly preferred way of working,static,30,73.1713,8.8,12
archetype: one strongly preferred way of working,heuristic,30,13.0427,94.8,1
archetype: one strongly preferred way of working,AURA,31,6.1544,94.8,0
archetype: one strongly preferred way of working,static,31,0.0,94.8,0
archetype: one strongly preferred way of working,heuristic,31,0.0,94.8,0
archetype: one strongly preferred way of working,AURA,32,1.6701,94.8,0
archetype: one strongly preferred way of working,static,32,58.8308,24.2,14
archetype: one strongly preferred way of working,heuristic,32,4.0,94.8,1
archetype: one strongly preferred way of working,AURA,33,0.0,94.8,0
archetype: one strongly preferred way of working,static,33,37.0997,94.8,0
archetype: one strongly preferred way of working,heuristic,33,2.9722,94.8,0
archetype: one strongly preferred way of working,AURA,34,0.0,94.8,0
archetype: one strongly preferred way of working,static,34,0.0,94.8,0
archetype: one strongly preferred way of working,heuristic,34,0.0,94.8,0
archetype: one strongly preferred way of working,AURA,35,0.0,94.8,0
archetype: one strongly preferred way of working,static,35,75.4529,2.7,19
archetype: one strongly preferred way of working,heuristic,35,3.6661,94.8,0
archetype: one strongly preferred way of working,AURA,36,0.0,94.8,0
archetype: one strongly preferred way of working,static,36,61.3514,2.7,5
archetype: one strongly preferred way of working,heuristic,36,15.3498,94.8,1
archetype: one strongly preferred way of working,AURA,37,0.0,94.8,0
archetype: one strongly preferred way of working,static,37,97.3294,0.2,17
archetype: one strongly preferred way of working,heuristic,37,6.037,94.8,1
archetype: one strongly preferred way of working,AURA,38,1.0254,94.8,0
archetype: one strongly preferred way of working,static,38,0.0,94.8,0
archetype: one strongly preferred way of working,heuristic,38,0.0,94.8,0
archetype: one strongly preferred way of working,AURA,39,3.8476,94.8,0
archetype: one strongly preferred way of working,static,39,0.0,94.8,0
archetype: one strongly preferred way of working,heuristic,39,0.0,94.8,0
archetype: no clear preferences,AURA,0,3.0712,0.2,19
archetype: no clear preferences,static,0,4.7608,0.2,13
archetype: no clear preferences,heuristic,0,3.4255,0.2,15
archetype: no clear preferences,AURA,1,4.3534,94.8,1
archetype: no clear preferences,static,1,11.8615,94.8,7
archetype: no clear preferences,heuristic,1,6.1892,26.9,0
archetype: no clear preferences,AURA,2,7.476,0.2,12
archetype: no clear preferences,static,2,9.4973,2.7,17
archetype: no clear preferences,heuristic,2,7.6485,8.8,13
archetype: no clear preferences,AURA,3,14.4642,94.8,3
archetype: no clear preferences,static,3,12.4377,94.8,1
archetype: no clear preferences,heuristic,3,10.0843,94.8,1
archetype: no clear preferences,AURA,4,14.5003,0.2,5
archetype: no clear preferences,static,4,13.3899,29.7,8
archetype: no clear preferences,heuristic,4,10.057,0.2,4
archetype: no clear preferences,AURA,5,12.3873,94.8,4
archetype: no clear preferences,static,5,13.3513,94.8,12
archetype: no clear preferences,heuristic,5,13.8866,26.9,11
archetype: no clear preferences,AURA,6,8.87,22.2,15
archetype: no clear preferences,static,6,6.6925,26.9,9
archetype: no clear preferences,heuristic,6,7.0598,8.8,14
archetype: no clear preferences,AURA,7,4.744,94.8,2
archetype: no clear preferences,static,7,10.3519,80.6,14
archetype: no clear preferences,heuristic,7,6.9664,24.2,0
archetype: no clear preferences,AURA,8,7.4846,8.8,12
archetype: no clear preferences,static,8,7.0219,29.7,19
archetype: no clear preferences,heuristic,8,7.0321,29.7,20
archetype: no clear preferences,AURA,9,4.1466,2.7,12
archetype: no clear preferences,static,9,5.067,85.9,10
archetype: no clear preferences,heuristic,9,5.6459,0.2,14
archetype: no clear preferences,AURA,10,8.7099,24.2,2
archetype: no clear preferences,static,10,7.38,26.9,2
archetype: no clear preferences,heuristic,10,6.7803,94.8,1
archetype: no clear preferences,AURA,11,10.7088,26.9,0
archetype: no clear preferences,static,11,8.4717,94.8,0
archetype: no clear preferences,heuristic,11,8.3226,94.8,0
archetype: no clear preferences,AURA,12,6.0931,24.2,13
archetype: no clear preferences,static,12,0.0,42.2,0
archetype: no clear preferences,heuristic,12,6.6566,94.8,12
archetype: no clear preferences,AURA,13,3.13,85.9,13
archetype: no clear preferences,static,13,2.0482,0.2,15
archetype: no clear preferences,heuristic,13,2.7842,0.2,14
archetype: no clear preferences,AURA,14,5.2714,94.8,1
archetype: no clear preferences,static,14,5.9616,42.2,8
archetype: no clear preferences,heuristic,14,7.0188,1.0,7
archetype: no clear preferences,AURA,15,4.4259,94.8,1
archetype: no clear preferences,static,15,15.2041,24.2,11
archetype: no clear preferences,heuristic,15,12.7765,19.5,8
archetype: no clear preferences,AURA,16,8.8166,26.9,2
archetype: no clear preferences,static,16,11.3995,92.7,15
archetype: no clear preferences,heuristic,16,11.2427,8.8,13
archetype: no clear preferences,AURA,17,6.9515,29.7,7
archetype: no clear preferences,static,17,8.7413,29.7,16
archetype: no clear preferences,heuristic,17,4.6836,0.2,13
archetype: no clear preferences,AURA,18,7.1149,80.6,7
archetype: no clear preferences,static,18,11.5184,73.8,14
archetype: no clear preferences,heuristic,18,7.1969,89.8,8
archetype: no clear preferences,AURA,19,4.8243,0.2,0
archetype: no clear preferences,static,19,2.792,0.2,1
archetype: no clear preferences,heuristic,19,5.8812,0.2,4
archetype: no clear preferences,AURA,20,6.4682,1.0,4
archetype: no clear preferences,static,20,6.3002,42.2,5
archetype: no clear preferences,heuristic,20,9.0409,8.9,11
archetype: no clear preferences,AURA,21,9.1772,94.8,11
archetype: no clear preferences,static,21,4.7145,94.8,4
archetype: no clear preferences,heuristic,21,6.6674,26.9,4
archetype: no clear preferences,AURA,22,13.4883,22.2,3
archetype: no clear preferences,static,22,12.2703,29.7,15
archetype: no clear preferences,heuristic,22,11.6619,2.7,11
archetype: no clear preferences,AURA,23,3.6969,0.2,1
archetype: no clear preferences,static,23,3.6006,0.2,10
archetype: no clear preferences,heuristic,23,6.0935,0.2,5
archetype: no clear preferences,AURA,24,8.7238,19.5,0
archetype: no clear preferences,static,24,17.0116,89.8,1
archetype: no clear preferences,heuristic,24,9.405,26.9,1
archetype: no clear preferences,AURA,25,13.0292,80.6,3
archetype: no clear preferences,static,25,13.3004,89.8,7
archetype: no clear preferences,heuristic,25,13.2694,24.2,7
archetype: no clear preferences,AURA,26,9.6241,0.2,15
archetype: no clear preferences,static,26,4.8341,0.2,8
archetype: no clear preferences,heuristic,26,9.9045,0.2,10
archetype: no clear preferences,AURA,27,9.9027,80.6,8
archetype: no clear preferences,static,27,12.6635,0.2,16
archetype: no clear preferences,heuristic,27,11.9939,42.2,9
archetype: no clear preferences,AURA,28,11.4362,94.8,1
archetype: no clear preferences,static,28,0.0,94.8,0
archetype: no clear preferences,heuristic,28,6.1351,2.7,3
archetype: no clear preferences,AURA,29,8.1399,0.2,12
archetype: no clear preferences,static,29,10.4402,8.9,15
archetype: no clear preferences,heuristic,29,8.5872,8.9,13
archetype: no clear preferences,AURA,30,2.6794,26.9,0
archetype: no clear preferences,static,30,14.1641,8.8,12
archetype: no clear preferences,heuristic,30,8.1773,2.7,7
archetype: no clear preferences,AURA,31,9.5964,85.9,8
archetype: no clear preferences,static,31,6.9515,94.8,3
archetype: no clear preferences,heuristic,31,9.6325,94.8,9
archetype: no clear preferences,AURA,32,9.4581,94.8,4
archetype: no clear preferences,static,32,15.9391,24.2,14
archetype: no clear preferences,heuristic,32,8.8459,94.8,5
archetype: no clear preferences,AURA,33,0.7973,26.9,0
archetype: no clear preferences,static,33,7.2303,26.9,0
archetype: no clear preferences,heuristic,33,5.3829,0.2,8
archetype: no clear preferences,AURA,34,8.2108,24.2,1
archetype: no clear preferences,static,34,16.8021,24.2,2
archetype: no clear preferences,heuristic,34,13.8711,26.9,1
archetype: no clear preferences,AURA,35,10.2889,94.8,6
archetype: no clear preferences,static,35,18.4231,2.7,19
archetype: no clear preferences,heuristic,35,12.2293,89.8,8
archetype: no clear preferences,AURA,36,11.103,94.8,0
archetype: no clear preferences,static,36,21.2494,2.7,5
archetype: no clear preferences,heuristic,36,11.6942,94.8,1
archetype: no clear preferences,AURA,37,4.9017,24.2,4
archetype: no clear preferences,static,37,14.6922,0.2,18
archetype: no clear preferences,heuristic,37,7.8224,29.7,12
archetype: no clear preferences,AURA,38,10.2259,94.8,0
archetype: no clear preferences,static,38,6.4223,94.8,0
archetype: no clear preferences,heuristic,38,6.4223,94.8,0
archetype: no clear preferences,AURA,39,13.4225,94.8,1
archetype: no clear preferences,static,39,4.0379,94.8,0
archetype: no clear preferences,heuristic,39,4.0379,94.8,0
archetype: capable but very easily overloaded,AURA,0,11.2973,24.2,9
archetype: capable but very easily overloaded,static,0,19.8652,24.2,13
archetype: capable but very easily overloaded,heuristic,0,15.0215,94.8,13
archetype: capable but very easily overloaded,AURA,1,13.2405,94.8,0
archetype: capable but very easily overloaded,static,1,51.9762,26.9,4
archetype: capable but very easily overloaded,heuristic,1,9.404,94.8,0
archetype: capable but very easily overloaded,AURA,2,22.8804,94.8,2
archetype: capable but very easily overloaded,static,2,47.4864,26.9,10
archetype: capable but very easily overloaded,heuristic,2,41.0303,8.8,6
archetype: capable but very easily overloaded,AURA,3,0.0,94.8,0
archetype: capable but very easily overloaded,static,3,0.8333,94.8,0
archetype: capable but very easily overloaded,heuristic,3,0.8333,94.8,0
archetype: capable but very easily overloaded,AURA,4,15.0141,94.8,1
archetype: capable but very easily overloaded,static,4,40.6972,94.8,5
archetype: capable but very easily overloaded,heuristic,4,12.9356,94.8,2
archetype: capable but very easily overloaded,AURA,5,8.1475,94.8,1
archetype: capable but very easily overloaded,static,5,32.7226,94.8,2
archetype: capable but very easily overloaded,heuristic,5,33.3821,94.8,2
archetype: capable but very easily overloaded,AURA,6,32.5429,94.8,2
archetype: capable but very easily overloaded,static,6,24.5979,94.8,1
archetype: capable but very easily overloaded,heuristic,6,34.3584,94.8,0
archetype: capable but very easily overloaded,AURA,7,5.4173,94.8,0
archetype: capable but very easily overloaded,static,7,26.4987,94.8,1
archetype: capable but very easily overloaded,heuristic,7,26.4987,94.8,1
archetype: capable but very easily overloaded,AURA,8,8.9873,89.8,1
archetype: capable but very easily overloaded,static,8,23.7312,94.8,0
archetype: capable but very easily overloaded,heuristic,8,22.7591,94.8,0
archetype: capable but very easily overloaded,AURA,9,10.4223,94.8,0
archetype: capable but very easily overloaded,static,9,27.1471,94.8,0
archetype: capable but very easily overloaded,heuristic,9,28.3272,26.9,3
archetype: capable but very easily overloaded,AURA,10,13.2484,94.8,2
archetype: capable but very easily overloaded,static,10,0.0,94.8,0
archetype: capable but very easily overloaded,heuristic,10,0.0,94.8,0
archetype: capable but very easily overloaded,AURA,11,1.8204,94.8,0
archetype: capable but very easily overloaded,static,11,2.1117,94.8,0
archetype: capable but very easily overloaded,heuristic,11,2.1117,94.8,0
archetype: capable but very easily overloaded,AURA,12,1.079,94.8,1
archetype: capable but very easily overloaded,static,12,0.0,94.8,0
archetype: capable but very easily overloaded,heuristic,12,0.0,94.8,0
archetype: capable but very easily overloaded,AURA,13,9.1218,26.9,7
archetype: capable but very easily overloaded,static,13,9.2853,80.6,16
archetype: capable but very easily overloaded,heuristic,13,14.2747,26.9,12
archetype: capable but very easily overloaded,AURA,14,8.4304,94.8,3
archetype: capable but very easily overloaded,static,14,4.6917,94.8,2
archetype: capable but very easily overloaded,heuristic,14,4.6917,94.8,2
archetype: capable but very easily overloaded,AURA,15,1.8928,94.8,1
archetype: capable but very easily overloaded,static,15,0.9653,94.8,0
archetype: capable but very easily overloaded,heuristic,15,0.9653,94.8,0
archetype: capable but very easily overloaded,AURA,16,2.137,94.8,1
archetype: capable but very easily overloaded,static,16,36.6243,80.6,4
archetype: capable but very easily overloaded,heuristic,16,20.1774,26.9,3
archetype: capable but very easily overloaded,AURA,17,13.9246,94.8,3
archetype: capable but very easily overloaded,static,17,39.8776,5.3,16
archetype: capable but very easily overloaded,heuristic,17,5.2178,94.8,1
archetype: capable but very easily overloaded,AURA,18,16.1761,94.8,0
archetype: capable but very easily overloaded,static,18,45.2661,94.8,11
archetype: capable but very easily overloaded,heuristic,18,21.5889,94.8,1
archetype: capable but very easily overloaded,AURA,19,15.8633,94.8,0
archetype: capable but very easily overloaded,static,19,12.2912,94.8,0
archetype: capable but very easily overloaded,heuristic,19,15.8647,94.8,0
archetype: capable but very easily overloaded,AURA,20,0.409,94.8,0
archetype: capable but very easily overloaded,static,20,0.012,94.8,0
archetype: capable but very easily overloaded,heuristic,20,0.012,94.8,0
archetype: capable but very easily overloaded,AURA,21,8.7611,94.8,0
archetype: capable but very easily overloaded,static,21,0.0,94.8,0
archetype: capable but very easily overloaded,heuristic,21,0.0,94.8,0
archetype: capable but very easily overloaded,AURA,22,10.1802,94.8,2
archetype: capable but very easily overloaded,static,22,11.8914,94.8,0
archetype: capable but very easily overloaded,heuristic,22,11.8914,94.8,0
archetype: capable but very easily overloaded,AURA,23,13.6861,89.8,0
archetype: capable but very easily overloaded,static,23,17.1605,89.8,5
archetype: capable but very easily overloaded,heuristic,23,25.6088,94.8,6
archetype: capable but very easily overloaded,AURA,24,6.6969,94.8,0
archetype: capable but very easily overloaded,static,24,49.9986,94.8,0
archetype: capable but very easily overloaded,heuristic,24,14.2525,94.8,0
archetype: capable but very easily overloaded,AURA,25,0.0963,94.8,0
archetype: capable but very easily overloaded,static,25,0.1872,94.8,0
archetype: capable but very easily overloaded,heuristic,25,0.1872,94.8,0
archetype: capable but very easily overloaded,AURA,26,11.3157,94.8,2
archetype: capable but very easily overloaded,static,26,5.3872,26.9,0
archetype: capable but very easily overloaded,heuristic,26,5.3872,26.9,0
archetype: capable but very easily overloaded,AURA,27,5.5765,94.8,0
archetype: capable but very easily overloaded,static,27,21.5637,94.8,0
archetype: capable but very easily overloaded,heuristic,27,17.4621,94.8,0
archetype: capable but very easily overloaded,AURA,28,0.5145,94.8,0
archetype: capable but very easily overloaded,static,28,0.0,94.8,0
archetype: capable but very easily overloaded,heuristic,28,0.0,94.8,0
archetype: capable but very easily overloaded,AURA,29,8.9576,94.8,0
archetype: capable but very easily overloaded,static,29,45.3661,25.8,16
archetype: capable but very easily overloaded,heuristic,29,25.2411,94.8,7
archetype: capable but very easily overloaded,AURA,30,0.0309,94.8,0
archetype: capable but very easily overloaded,static,30,52.6896,0.2,11
archetype: capable but very easily overloaded,heuristic,30,11.3208,94.8,2
archetype: capable but very easily overloaded,AURA,31,6.0103,94.8,0
archetype: capable but very easily overloaded,static,31,1.3087,94.8,0
archetype: capable but very easily overloaded,heuristic,31,1.3087,94.8,0
archetype: capable but very easily overloaded,AURA,32,1.3993,94.8,0
archetype: capable but very easily overloaded,static,32,56.0096,19.5,8
archetype: capable but very easily overloaded,heuristic,32,6.5807,94.8,2
archetype: capable but very easily overloaded,AURA,33,0.0,94.8,0
archetype: capable but very easily overloaded,static,33,33.9133,94.8,0
archetype: capable but very easily overloaded,heuristic,33,20.314,89.8,0
archetype: capable but very easily overloaded,AURA,34,0.0,94.8,0
archetype: capable but very easily overloaded,static,34,0.417,94.8,0
archetype: capable but very easily overloaded,heuristic,34,0.417,94.8,0
archetype: capable but very easily overloaded,AURA,35,0.5511,94.8,0
archetype: capable but very easily overloaded,static,35,67.0072,94.8,13
archetype: capable but very easily overloaded,heuristic,35,4.6941,94.8,1
archetype: capable but very easily overloaded,AURA,36,0.0,94.8,0
archetype: capable but very easily overloaded,static,36,45.9532,24.2,5
archetype: capable but very easily overloaded,heuristic,36,31.7095,94.8,3
archetype: capable but very easily overloaded,AURA,37,1.2144,94.8,0
archetype: capable but very easily overloaded,static,37,57.1232,54.5,11
archetype: capable but very easily overloaded,heuristic,37,5.9755,94.8,1
archetype: capable but very easily overloaded,AURA,38,0.9025,94.8,0
archetype: capable but very easily overloaded,static,38,0.0,94.8,0
archetype: capable but very easily overloaded,heuristic,38,0.0,94.8,0
archetype: capable but very easily overloaded,AURA,39,2.9284,94.8,1
archetype: capable but very easily overloaded,static,39,0.0,94.8,0
archetype: capable but very easily overloaded,heuristic,39,0.0,94.8,0
mixed population of the five archetypes,AURA,0,8.99,22.2,13
mixed population of the five archetypes,static,0,19.0432,0.2,8
mixed population of the five archetypes,heuristic,0,14.0248,8.8,12
mixed population of the five archetypes,AURA,1,19.1584,26.9,0
mixed population of the five archetypes,static,1,42.0063,54.5,15
mixed population of the five archetypes,heuristic,1,6.1068,19.5,0
mixed population of the five archetypes,AURA,2,5.6853,94.8,0
mixed population of the five archetypes,static,2,44.8702,5.3,4
mixed population of the five archetypes,heuristic,2,38.9106,12.7,2
mixed population of the five archetypes,AURA,3,14.4642,94.8,3
mixed population of the five archetypes,static,3,12.4377,94.8,1
mixed population of the five archetypes,heuristic,3,10.0843,94.8,1
mixed population of the five archetypes,AURA,4,15.0141,94.8,1
mixed population of the five archetypes,static,4,40.6972,94.8,5
mixed population of the five archetypes,heuristic,4,12.9356,94.8,2
mixed population of the five archetypes,AURA,5,17.7643,94.8,3
mixed population of the five archetypes,static,5,51.617,94.8,4
mixed population of the five archetypes,heuristic,5,53.5907,94.8,4
mixed population of the five archetypes,AURA,6,29.225,94.8,13
mixed population of the five archetypes,static,6,28.008,94.8,6
mixed population of the five archetypes,heuristic,6,27.0219,0.2,12
mixed population of the five archetypes,AURA,7,0.5172,94.8,0
mixed population of the five archetypes,static,7,79.8864,24.2,18
mixed population of the five archetypes,heuristic,7,4.4879,94.8,1
mixed population of the five archetypes,AURA,8,7.4846,8.8,12
mixed population of the five archetypes,static,8,7.0219,29.7,19
mixed population of the five archetypes,heuristic,8,7.0321,29.7,20
mixed population of the five archetypes,AURA,9,10.4223,94.8,0
mixed population of the five archetypes,static,9,27.1471,94.8,0
mixed population of the five archetypes,heuristic,9,28.3272,26.9,3
mixed population of the five archetypes,AURA,10,6.3169,94.8,1
mixed population of the five archetypes,static,10,10.3896,94.8,0
mixed population of the five archetypes,heuristic,10,10.3896,94.8,0
mixed population of the five archetypes,AURA,11,32.6197,65.0,3
mixed population of the five archetypes,static,11,33.1339,94.8,0
mixed population of the five archetypes,heuristic,11,33.8887,94.8,0
mixed population of the five archetypes,AURA,12,0.0,94.8,0
mixed population of the five archetypes,static,12,0.0,94.8,0
mixed population of the five archetypes,heuristic,12,0.0,94.8,0
mixed population of the five archetypes,AURA,13,3.13,85.9,13
mixed population of the five archetypes,static,13,2.0482,0.2,15
mixed population of the five archetypes,heuristic,13,2.7842,0.2,14
mixed population of the five archetypes,AURA,14,8.4304,94.8,3
mixed population of the five archetypes,static,14,4.6917,94.8,2
mixed population of the five archetypes,heuristic,14,4.6917,94.8,2
mixed population of the five archetypes,AURA,15,1.4262,94.8,0
mixed population of the five archetypes,static,15,21.1228,94.8,0
mixed population of the five archetypes,heuristic,15,21.1228,94.8,0
mixed population of the five archetypes,AURA,16,15.3358,94.8,0
mixed population of the five archetypes,static,16,56.9975,12.7,9
mixed population of the five archetypes,heuristic,16,54.2444,26.9,6
mixed population of the five archetypes,AURA,17,0.0,94.8,0
mixed population of the five archetypes,static,17,76.4655,0.2,17
mixed population of the five archetypes,heuristic,17,2.7866,94.8,1
mixed population of the five archetypes,AURA,18,7.1149,80.6,7
mixed population of the five archetypes,static,18,11.5184,73.8,14
mixed population of the five archetypes,heuristic,18,7.1969,89.8,8
mixed population of the five archetypes,AURA,19,15.8633,94.8,0
mixed population of the five archetypes,static,19,12.2912,94.8,0
mixed population of the five archetypes,heuristic,19,15.8647,94.8,0
mixed population of the five archetypes,AURA,20,9.6415,94.8,0
mixed population of the five archetypes,static,20,2.1873,94.8,0
mixed population of the five archetypes,heuristic,20,2.1873,94.8,0
mixed population of the five archetypes,AURA,21,24.727,94.8,2
mixed population of the five archetypes,static,21,19.7709,94.8,0
mixed population of the five archetypes,heuristic,21,26.4156,94.8,4
mixed population of the five archetypes,AURA,22,7.2444,94.8,0
mixed population of the five archetypes,static,22,0.0,94.8,0
mixed population of the five archetypes,heuristic,22,0.0,94.8,0
mixed population of the five archetypes,AURA,23,3.6969,0.2,1
mixed population of the five archetypes,static,23,3.6006,0.2,10
mixed population of the five archetypes,heuristic,23,6.0935,0.2,5
mixed population of the five archetypes,AURA,24,6.6969,94.8,0
mixed population of the five archetypes,static,24,49.9986,94.8,0
mixed population of the five archetypes,heuristic,24,14.2525,94.8,0
mixed population of the five archetypes,AURA,25,5.3227,94.8,0
mixed population of the five archetypes,static,25,18.4303,94.8,1
mixed population of the five archetypes,heuristic,25,17.7846,94.8,1
mixed population of the five archetypes,AURA,26,28.2408,25.8,13
mixed population of the five archetypes,static,26,21.013,94.8,0
mixed population of the five archetypes,heuristic,26,16.171,94.8,1
mixed population of the five archetypes,AURA,27,2.7922,94.8,0
mixed population of the five archetypes,static,27,1.5082,94.8,0
mixed population of the five archetypes,heuristic,27,1.5082,94.8,0
mixed population of the five archetypes,AURA,28,11.4362,94.8,1
mixed population of the five archetypes,static,28,0.0,94.8,0
mixed population of the five archetypes,heuristic,28,6.1351,2.7,3
mixed population of the five archetypes,AURA,29,8.9576,94.8,0
mixed population of the five archetypes,static,29,45.3661,25.8,16
mixed population of the five archetypes,heuristic,29,25.2411,94.8,7
mixed population of the five archetypes,AURA,30,0.4464,94.8,0
mixed population of the five archetypes,static,30,59.2229,0.2,8
mixed population of the five archetypes,heuristic,30,6.5058,94.8,1
mixed population of the five archetypes,AURA,31,20.0558,94.8,5
mixed population of the five archetypes,static,31,30.6661,94.8,1
mixed population of the five archetypes,heuristic,31,34.039,19.5,5
mixed population of the five archetypes,AURA,32,1.6701,94.8,0
mixed population of the five archetypes,static,32,58.8308,24.2,14
mixed population of the five archetypes,heuristic,32,4.0,94.8,1
mixed population of the five archetypes,AURA,33,0.7973,26.9,0
mixed population of the five archetypes,static,33,7.2303,26.9,0
mixed population of the five archetypes,heuristic,33,5.3829,0.2,8
mixed population of the five archetypes,AURA,34,0.0,94.8,0
mixed population of the five archetypes,static,34,0.417,94.8,0
mixed population of the five archetypes,heuristic,34,0.417,94.8,0
mixed population of the five archetypes,AURA,35,1.1558,94.8,0
mixed population of the five archetypes,static,35,70.9632,0.2,13
mixed population of the five archetypes,heuristic,35,5.1735,94.8,1
mixed population of the five archetypes,AURA,36,13.6181,94.8,0
mixed population of the five archetypes,static,36,80.7788,17.8,14
mixed population of the five archetypes,heuristic,36,23.2651,94.8,0
mixed population of the five archetypes,AURA,37,0.0,94.8,0
mixed population of the five archetypes,static,37,97.3294,0.2,17
mixed population of the five archetypes,heuristic,37,6.037,94.8,1
mixed population of the five archetypes,AURA,38,10.2259,94.8,0
mixed population of the five archetypes,static,38,6.4223,94.8,0
mixed population of the five archetypes,heuristic,38,6.4223,94.8,0
mixed population of the five archetypes,AURA,39,2.9284,94.8,1
mixed population of the five archetypes,static,39,0.0,94.8,0
mixed population of the five archetypes,heuristic,39,0.0,94.8,0
