condition,child_index,cumulative_regret,sessions_to_decision,trials_to_mastery,retention_7d_percent,distress_events,engagement_recovery_rate,n_trials,n_abandoned
AURA,0,2.9109,37,6,94.8,0,,200,0
static,0,0.0,,6,94.8,0,,200,0
heuristic_adaptive,0,0.0,,6,94.8,0,,200,0
correlational,0,0.0,,6,94.8,0,,200,0
population_level,0,15.8943,,6,94.8,0,,193,2
expert_manual,0,1.8195,,6,94.8,0,,200,0
AURA,1,15.6141,,11,94.8,1,,196,1
static,1,0.0,,6,94.8,0,,200,0
heuristic_adaptive,1,0.0,,6,94.8,0,,200,0
correlational,1,5.5419,,6,94.8,0,,200,0
population_level,1,25.9834,,11,94.8,0,,197,2
expert_manual,1,2.0876,,37,94.8,0,,200,0
AURA,2,0.0118,,6,94.8,0,,200,0
static,2,0.149,,6,94.8,0,,200,0
heuristic_adaptive,2,0.149,,6,94.8,0,,200,0
correlational,2,0.149,,6,94.8,0,,200,0
population_level,2,0.0118,,6,94.8,0,,200,0
expert_manual,2,0.149,,6,94.8,0,,200,0
AURA,3,20.9246,34,6,26.9,0,,173,2
static,3,39.1958,,6,0.2,14,,153,14
heuristic_adaptive,3,10.7585,,6,26.9,2,,191,4
correlational,3,39.1958,,6,0.2,14,,153,14
population_level,3,20.703,,6,24.2,2,,184,6
expert_manual,3,38.1477,,6,0.2,13,,153,14
AURA,4,8.0851,23,82,94.8,0,,198,1
static,4,56.0968,,,94.8,0,,180,8
heuristic_adaptive,4,25.6592,,37,94.8,0,,200,0
correlational,4,56.0968,,,94.8,0,,180,8
population_level,4,0.0003,,6,94.8,0,,200,0
expert_manual,4,26.7594,,37,94.8,0,,200,0
AURA,5,1.5649,,21,94.8,0,,200,0
static,5,41.1896,,,42.2,6,,169,12
heuristic_adaptive,5,3.7287,3,67,94.8,1,,199,1
correlational,5,0.8587,,21,94.8,0,,200,0
population_level,5,3.6563,,21,94.8,0,,200,0
expert_manual,5,1.8034,,21,94.8,0,,200,0
AURA,6,2.2811,,21,94.8,0,,195,0
static,6,33.8532,,,94.8,5,,177,8
heuristic_adaptive,6,8.2657,,103,94.8,3,,195,2
correlational,6,24.1142,,,94.8,2,,173,8
population_level,6,0.0,0,16,94.8,0,,200,0
expert_manual,6,33.6857,,,94.8,5,,177,8
AURA,7,15.9168,,,26.9,6,1.0,182,3
static,7,33.9586,,,0.2,14,,118,24
heuristic_adaptive,7,3.4534,3,62,94.8,2,,196,2
correlational,7,30.0038,,,80.6,12,,139,20
population_level,7,27.4412,,,80.6,13,,139,20
expert_manual,7,28.1441,,,8.8,19,,141,20
AURA,8,0.171,,6,94.8,0,,200,0
static,8,66.2727,,,8.8,16,,134,20
heuristic_adaptive,8,2.6026,,37,94.8,1,,200,0
correlational,8,19.9528,,6,94.8,0,,200,0
population_level,8,4.3374,,6,94.8,0,,200,0
expert_manual,8,2.6026,,37,94.8,1,,200,0
AURA,9,0.0,,6,94.8,0,,200,0
static,9,1.5096,,6,94.8,0,,196,1
heuristic_adaptive,9,1.5096,,6,94.8,0,,196,1
correlational,9,24.991,,,94.8,4,,176,8
population_level,9,55.1518,,,24.2,13,,136,20
expert_manual,9,1.7535,,6,94.8,0,,196,1
AURA,10,2.4255,,27,26.9,0,,195,0
static,10,28.5634,,11,94.8,0,,197,1
heuristic_adaptive,10,28.5634,,11,94.8,0,,197,1
correlational,10,28.5634,,11,94.8,0,,197,1
population_level,10,71.6228,,,73.8,6,,143,17
expert_manual,10,52.4091,,11,94.8,3,,177,8
AURA,11,1.1193,22,27,26.9,0,,195,1
static,11,3.4276,,27,26.9,0,,195,1
heuristic_adaptive,11,3.4276,,27,26.9,0,,195,1
correlational,11,41.6065,,,26.9,6,,154,14
population_level,11,0.0218,,11,26.9,0,,200,0
expert_manual,11,3.6236,,27,26.9,0,,195,1
AURA,12,32.2309,,,89.8,3,,172,8
static,12,28.2848,,,94.8,0,,174,7
heuristic_adaptive,12,25.0829,,,94.8,0,,178,6
correlational,12,0.0,0,6,94.8,0,,200,0
population_level,12,35.0715,,,94.8,2,,174,7
expert_manual,12,28.3433,,,94.8,0,,174,7
AURA,13,2.9072,,6,94.8,0,,200,0
static,13,0.0428,,6,94.8,0,,200,0
heuristic_adaptive,13,0.0428,,6,94.8,0,,200,0
correlational,13,22.7597,,6,26.9,0,,200,0
population_level,13,1.5207,,6,94.8,0,,200,0
expert_manual,13,0.7515,,6,94.8,0,,200,0
AURA,14,21.9488,,,26.9,1,,178,2
static,14,41.5766,,,8.9,12,,155,12
heuristic_adaptive,14,40.9102,,,17.8,6,,180,7
correlational,14,41.5766,,,8.9,12,,155,12
population_level,14,0.0,0,11,94.8,0,,200,0
expert_manual,14,35.5593,,,8.9,13,,155,12
AURA,15,9.5778,,46,94.8,0,,195,0
static,15,1.2506,,16,94.8,0,,200,0
heuristic_adaptive,15,1.2506,,16,94.8,0,,200,0
correlational,15,48.2686,,,94.8,8,,157,14
population_level,15,20.8489,,56,94.8,0,,200,0
expert_manual,15,45.3344,,,19.5,8,,152,14
AURA,16,23.0113,,181,94.8,0,,200,0
static,16,0.9868,,6,94.8,0,,200,0
heuristic_adaptive,16,0.9868,,6,94.8,0,,200,0
correlational,16,22.1569,,26,94.8,0,,200,0
population_level,16,53.5338,,,19.5,5,,178,9
expert_manual,16,1.0598,,6,94.8,0,,200,0
AURA,17,9.4765,,63,94.8,0,,192,2
static,17,48.5705,,,5.3,9,,154,13
heuristic_adaptive,17,48.3549,,,29.7,10,,176,7
correlational,17,48.5705,,,5.3,9,,154,13
population_level,17,0.0159,,6,94.8,0,,200,0
expert_manual,17,38.3441,,22,89.8,6,,184,4
AURA,18,22.0486,,6,24.2,0,,195,0
static,18,51.17,,6,54.5,4,,168,10
heuristic_adaptive,18,17.2861,,6,94.8,0,,200,0
correlational,18,51.17,,6,54.5,4,,168,10
population_level,18,12.5442,,6,94.8,0,,200,0
expert_manual,18,50.2716,,6,54.5,4,,168,10
AURA,19,8.823,21,52,26.9,2,0.0,195,0
static,19,0.0,0,6,94.8,0,,200,0
heuristic_adaptive,19,0.0,0,6,94.8,0,,200,0
correlational,19,0.0,0,6,94.8,0,,200,0
population_level,19,61.7273,,,16.4,17,,137,23
expert_manual,19,1.4585,2,6,94.8,0,,200,0
AURA,20,10.6094,39,46,94.8,0,,200,0
static,20,49.662,,,94.8,3,,191,4
heuristic_adaptive,20,29.3787,,159,94.8,1,,195,2
correlational,20,49.662,,,94.8,3,,191,4
population_level,20,58.8185,,,8.9,13,,149,17
expert_manual,20,49.6787,,,94.8,3,,191,4
AURA,21,9.5346,19,100,94.8,1,,187,4
static,21,17.4757,,47,94.8,0,,195,2
heuristic_adaptive,21,17.4757,,47,94.8,0,,195,2
correlational,21,17.4757,,47,94.8,0,,195,2
population_level,21,6.8358,,38,94.8,0,,195,2
expert_manual,21,26.9394,,,94.8,4,,181,7
AURA,22,7.0106,,32,94.8,0,,200,0
static,22,38.7105,,,2.7,1,,188,5
heuristic_adaptive,22,22.975,,62,94.8,0,,196,2
correlational,22,2.5386,,6,94.8,0,,200,0
population_level,22,11.9247,,32,94.8,0,,200,0
expert_manual,22,30.7052,,62,26.9,0,,188,4
AURA,23,7.7018,,6,94.8,0,,200,0
static,23,2.6868,,6,94.8,0,,200,0
heuristic_adaptive,23,2.6868,,6,94.8,0,,200,0
correlational,23,0.4709,,6,94.8,0,,200,0
population_level,23,13.9465,,6,94.8,0,,200,0
expert_manual,23,2.5147,,6,94.8,0,,200,0
AURA,24,2.3463,,6,94.8,0,,200,0
static,24,47.3452,,,94.8,0,,188,5
heuristic_adaptive,24,13.3672,,51,94.8,0,,196,3
correlational,24,69.0117,,,8.8,5,,150,16
population_level,24,0.0,0,6,94.8,0,,200,0
expert_manual,24,13.3672,,51,94.8,0,,196,3
AURA,25,8.3166,,42,94.8,0,,198,1
static,25,27.5168,,16,94.8,0,,198,1
heuristic_adaptive,25,9.9518,,16,94.8,0,,198,1
correlational,25,57.4046,,,0.2,13,,136,20
population_level,25,0.0087,,6,94.8,0,,200,0
expert_manual,25,1.2776,,16,94.8,0,,200,0
AURA,26,0.5751,,6,94.8,0,,200,0
static,26,8.0963,,6,94.8,0,,200,0
heuristic_adaptive,26,8.0963,,6,94.8,0,,200,0
correlational,26,0.0,,6,94.8,0,,200,0
population_level,26,0.0,,6,94.8,0,,200,0
expert_manual,26,7.711,,6,94.8,0,,200,0
AURA,27,8.1612,,22,94.8,0,,198,2
static,27,42.6486,,,24.2,2,,164,11
heuristic_adaptive,27,38.4225,,,94.8,2,,181,5
correlational,27,28.9524,,21,94.8,0,,200,0
population_level,27,51.1806,,,8.8,14,,112,29
expert_manual,27,43.5109,,,24.2,2,,164,11
AURA,28,22.3887,,6,94.8,1,,190,2
static,28,0.0,,6,94.8,0,,195,2
heuristic_adaptive,28,0.0,,6,94.8,0,,195,2
correlational,28,0.1698,,6,94.8,0,,195,2
population_level,28,41.9894,,,94.8,0,,186,3
expert_manual,28,1.6311,,16,94.8,0,,195,2
AURA,29,8.9245,,6,94.8,0,,194,1
static,29,0.0489,,6,94.8,0,,200,0
heuristic_adaptive,29,0.0489,,6,94.8,0,,200,0
correlational,29,19.0682,,6,24.2,1,,196,2
population_level,29,1.1087,,6,94.8,0,,200,0
expert_manual,29,1.0626,,6,94.8,0,,200,0
AURA,30,6.1882,,12,26.9,0,,191,2
static,30,48.0216,,,26.9,8,,157,14
heuristic_adaptive,30,33.9025,,,19.5,3,,174,8
correlational,30,48.0216,,,26.9,8,,157,14
population_level,30,70.1717,,,0.2,10,,130,25
expert_manual,30,47.184,,54,19.5,5,,174,8
AURA,31,0.9354,,6,94.8,0,,200,0
static,31,37.9727,,6,94.8,0,,191,3
heuristic_adaptive,31,15.4423,,6,94.8,0,,200,0
correlational,31,64.2263,,,24.2,15,,142,19
population_level,31,0.0,,6,94.8,0,,200,0
expert_manual,31,36.5529,,6,94.8,0,,191,3
AURA,32,18.0635,,26,94.8,0,,195,2
static,32,18.1084,,26,94.8,0,,195,2
heuristic_adaptive,32,27.1075,,26,94.8,1,,192,3
correlational,32,0.0,0,6,94.8,0,,200,0
population_level,32,47.9063,,,80.6,1,,192,3
expert_manual,32,18.8607,,26,94.8,0,,195,2
AURA,33,0.0585,,6,94.8,0,,200,0
static,33,56.9782,,,94.8,5,,147,16
heuristic_adaptive,33,4.6461,,47,94.8,1,,197,1
correlational,33,0.0089,,6,94.8,0,,200,0
population_level,33,0.0,,6,94.8,0,,200,0
expert_manual,33,1.9341,,21,94.8,0,,200,0
AURA,34,5.475,36,32,94.8,1,,199,1
static,34,0.0,,6,94.8,0,,200,0
heuristic_adaptive,34,0.0,,6,94.8,0,,200,0
correlational,34,36.8585,,,94.8,3,,175,7
population_level,34,3.9995,,6,94.8,0,,200,0
expert_manual,34,1.6591,,6,94.8,0,,195,1
AURA,35,2.1413,22,21,94.8,0,,200,0
static,35,58.461,,,26.9,0,,168,10
heuristic_adaptive,35,32.9315,,,94.8,0,,189,3
correlational,35,58.461,,,26.9,0,,168,10
population_level,35,39.9289,,6,94.8,0,,195,1
expert_manual,35,65.0066,,,89.8,0,,190,4
AURA,36,0.0827,,6,94.8,0,,200,0
static,36,1.1068,,11,94.8,0,,200,0
heuristic_adaptive,36,1.1068,,11,94.8,0,,200,0
correlational,36,73.2961,,,8.8,12,,133,22
population_level,36,0.0,,6,94.8,0,,200,0
expert_manual,36,2.5364,,11,94.8,0,,200,0
AURA,37,1.1154,,6,94.8,0,,200,0
static,37,70.1713,,,26.9,14,,171,11
heuristic_adaptive,37,5.632,3,38,94.8,2,,196,1
correlational,37,39.3923,,6,94.8,0,,198,1
population_level,37,0.3305,,6,94.8,0,,200,0
expert_manual,37,1.79,,11,94.8,0,,200,0
AURA,38,31.3327,38,,94.8,7,0.0,187,4
static,38,43.3187,,,26.9,6,,174,11
heuristic_adaptive,38,35.7925,,,26.9,3,,174,11
correlational,38,49.4043,,,0.2,12,,143,21
population_level,38,26.2445,,159,94.8,0,,196,2
expert_manual,38,43.3187,,,26.9,6,,174,11
AURA,39,1.3461,,6,94.8,0,,200,0
static,39,53.4731,,,94.8,7,,155,16
heuristic_adaptive,39,2.073,,28,94.8,1,,194,2
correlational,39,0.0,,6,94.8,0,,200,0
population_level,39,0.076,,6,94.8,0,,200,0
expert_manual,39,2.0691,1,28,94.8,1,,194,2
AURA,40,0.6469,,11,94.8,0,,200,0
static,40,73.8584,,,92.7,8,,164,14
heuristic_adaptive,40,5.2049,,38,94.8,0,,198,1
correlational,40,0.0098,,6,94.8,0,,200,0
population_level,40,0.0,,6,94.8,0,,200,0
expert_manual,40,1.8358,,16,94.8,0,,200,0
AURA,41,0.0,,6,94.8,0,,200,0
static,41,0.31,,6,94.8,0,,200,0
heuristic_adaptive,41,0.31,,6,94.8,0,,200,0
correlational,41,0.0,,6,94.8,0,,200,0
population_level,41,0.0,0,6,94.8,0,,200,0
expert_manual,41,0.272,,6,94.8,0,,200,0
AURA,42,8.4724,,16,94.8,3,1.0,192,1
static,42,0.5378,,16,94.8,0,,199,1
heuristic_adaptive,42,0.5378,,16,94.8,0,,199,1
correlational,42,44.6072,,87,80.6,4,,186,3
population_level,42,24.761,,42,94.8,1,,195,1
expert_manual,42,2.6661,,21,94.8,0,,199,1
AURA,43,4.6036,,11,94.8,0,,200,0
static,43,54.3427,,11,5.3,0,,187,5
heuristic_adaptive,43,20.3216,,11,94.8,0,,192,2
correlational,43,54.3427,,11,5.3,0,,187,5
population_level,43,1.2412,,6,94.8,0,,200,0
expert_manual,43,12.715,,11,94.8,0,,199,1
AURA,44,1.6582,,11,94.8,0,,200,0
static,44,0.0,,6,94.8,0,,200,0
heuristic_adaptive,44,0.0,,6,94.8,0,,200,0
correlational,44,9.7135,,26,94.8,0,,200,0
population_level,44,20.8939,,37,94.8,0,,200,0
expert_manual,44,2.1061,,21,94.8,0,,200,0
AURA,45,0.4497,,16,94.8,0,,200,0
static,45,0.0,,6,94.8,0,,200,0
heuristic_adaptive,45,0.0,,6,94.8,0,,200,0
correlational,45,9.0298,,26,94.8,0,,198,1
population_level,45,47.0111,,,94.8,1,,179,9
expert_manual,45,0.0,,6,94.8,0,,200,0
AURA,46,11.8034,,6,94.8,0,,200,0
static,46,0.0572,,6,94.8,0,,200,0
heuristic_adaptive,46,0.0572,,6,94.8,0,,200,0
correlational,46,9.4431,,6,94.8,0,,200,0
population_level,46,4.7021,,6,94.8,0,,200,0
expert_manual,46,1.1418,,6,94.8,0,,200,0
AURA,47,0.0,,11,94.8,0,,200,0
static,47,8.1859,,11,94.8,0,,200,0
heuristic_adaptive,47,8.1859,,11,94.8,0,,200,0
correlational,47,0.0,,11,94.8,0,,200,0
population_level,47,0.0,,11,94.8,0,,200,0
expert_manual,47,0.5551,1,11,94.8,0,,200,0
AURA,48,10.1654,,72,94.8,4,1.0,195,0
static,48,63.0289,,,0.2,9,,133,21
heuristic_adaptive,48,19.6533,,92,94.8,1,,185,6
correlational,48,42.0631,,141,94.8,0,,195,1
population_level,48,3.2447,,41,94.8,0,,200,0
expert_manual,48,18.1697,,12,94.8,1,,198,1
AURA,49,17.6221,21,119,94.8,4,,191,3
static,49,55.6756,,,73.8,14,,130,24
heuristic_adaptive,49,38.1226,,,94.8,6,,170,9
correlational,49,55.6756,,,73.8,14,,130,24
population_level,49,0.0,0,6,26.9,0,,200,0
expert_manual,49,45.2981,,,26.9,11,,158,12
AURA,50,5.5606,,62,94.8,1,1.0,195,0
static,50,0.0,,11,94.8,0,,200,0
heuristic_adaptive,50,0.0,,11,94.8,0,,200,0
correlational,50,4.3791,,21,94.8,0,,194,2
population_level,50,33.1957,,,26.9,5,,196,2
expert_manual,50,2.6116,,37,94.8,1,,200,0
AURA,51,2.6706,,11,94.8,0,,192,2
static,51,0.9923,,11,26.9,0,,197,1
heuristic_adaptive,51,0.9923,,11,26.9,0,,197,1
correlational,51,0.0,,11,94.8,0,,200,0
population_level,51,75.1693,,,94.8,16,,152,16
expert_manual,51,2.0863,,16,26.9,0,,197,1
AURA,52,24.5761,,166,94.8,1,,186,4
static,52,2.4967,,6,94.8,0,,200,0
heuristic_adaptive,52,2.4967,,6,94.8,0,,200,0
correlational,52,2.4967,,6,94.8,0,,200,0
population_level,52,64.9543,,,92.7,14,,142,19
expert_manual,52,2.3613,,6,94.8,0,,200,0
AURA,53,3.7028,,158,89.8,0,,192,2
static,53,18.8818,,,2.7,11,,159,11
heuristic_adaptive,53,14.8335,,,94.8,4,,174,6
correlational,53,18.8818,,,2.7,11,,159,11
population_level,53,2.1374,,,26.9,0,,196,1
expert_manual,53,18.6381,,,2.7,11,,159,11
AURA,54,12.9042,22,103,94.8,0,,194,1
static,54,9.2373,,6,94.8,0,,195,1
heuristic_adaptive,54,9.2373,,6,94.8,0,,195,1
correlational,54,55.3572,,,0.2,15,,150,18
population_level,54,27.7574,,6,94.8,0,,195,1
expert_manual,54,8.9358,,6,94.8,0,,195,1
AURA,55,5.227,,33,94.8,0,,192,1
static,55,0.2004,,11,94.8,0,,200,0
heuristic_adaptive,55,0.2004,,11,94.8,0,,200,0
correlational,55,32.8023,,,94.8,3,,168,8
population_level,55,7.2125,,33,94.8,0,,192,2
expert_manual,55,1.6701,,27,94.8,0,,197,1
AURA,56,0.1556,,6,94.8,0,,200,0
static,56,25.4123,,6,94.8,1,,187,4
heuristic_adaptive,56,25.4123,,6,94.8,1,,187,4
correlational,56,0.0,,6,94.8,0,,200,0
population_level,56,0.0,,6,94.8,0,,200,0
expert_manual,56,24.7534,,6,94.8,1,,187,4
AURA,57,30.3464,,,94.8,4,,188,1
static,57,25.0982,,,94.8,0,,199,1
heuristic_adaptive,57,35.4149,,,94.8,5,,148,16
correlational,57,25.0982,,,94.8,0,,199,1
population_level,57,46.0818,,,0.2,15,,120,23
expert_manual,57,19.1878,,97,94.8,0,,199,1
AURA,58,0.1238,,11,94.8,0,,200,0
static,58,0.111,,11,94.8,0,,200,0
heuristic_adaptive,58,0.111,,11,94.8,0,,200,0
correlational,58,0.0,,11,94.8,0,,200,0
population_level,58,0.0205,,11,94.8,0,,200,0
expert_manual,58,0.0623,1,11,94.8,0,,200,0
AURA,59,23.5981,,138,94.8,0,,192,2
static,59,43.0102,,37,94.8,0,,195,2
heuristic_adaptive,59,41.1088,,37,94.8,0,,192,3
correlational,59,43.0102,,37,94.8,0,,195,2
population_level,59,0.3243,,6,94.8,0,,200,0
expert_manual,59,42.6055,,37,94.8,0,,195,2
AURA,60,3.0944,,16,94.8,0,,200,0
static,60,55.6743,,,94.8,4,,194,3
heuristic_adaptive,60,27.5507,,170,94.8,0,,194,3
correlational,60,2.7804,,16,94.8,0,,200,0
population_level,60,0.0942,,6,94.8,0,,200,0
expert_manual,60,1.5962,,16,94.8,0,,200,0
AURA,61,0.0343,,6,94.8,0,,200,0
static,61,0.0,,6,94.8,0,,200,0
heuristic_adaptive,61,0.0,,6,94.8,0,,200,0
correlational,61,0.0,,6,94.8,0,,200,0
population_level,61,59.4438,,,54.5,13,,125,21
expert_manual,61,0.4052,,6,94.8,0,,200,0
AURA,62,0.0545,,6,94.8,0,,200,0
static,62,48.3439,,,94.8,10,,158,15
heuristic_adaptive,62,6.9173,,81,94.8,2,,191,4
correlational,62,0.4601,,6,94.8,0,,200,0
population_level,62,2.9422,,6,94.8,0,,200,0
expert_manual,62,47.5497,,6,94.8,14,,158,15
AURA,63,5.0608,,6,94.8,0,,200,0
static,63,18.9634,,16,94.8,0,,192,3
heuristic_adaptive,63,18.9634,,16,94.8,0,,192,3
correlational,63,61.0253,,,0.2,17,,121,24
population_level,63,0.0522,,6,94.8,0,,200,0
expert_manual,63,18.8834,,16,94.8,0,,192,3
AURA,64,2.1721,31,11,94.8,0,,200,0
static,64,14.1784,,11,94.8,0,,200,0
heuristic_adaptive,64,14.1784,,11,94.8,0,,200,0
correlational,64,5.957,,11,94.8,0,,200,0
population_level,64,55.2502,,,94.8,10,,160,13
expert_manual,64,6.1305,,11,94.8,0,,200,0
AURA,65,0.0,,6,94.8,0,,200,0
static,65,0.0,,6,94.8,0,,200,0
heuristic_adaptive,65,0.0,,6,94.8,0,,200,0
correlational,65,5.1821,,6,94.8,0,,200,0
population_level,65,19.8068,,6,94.8,0,,191,3
expert_manual,65,1.9063,,16,94.8,0,,200,0
AURA,66,1.652,6,27,94.8,0,,198,1
static,66,52.6249,,,0.2,11,,140,19
heuristic_adaptive,66,2.9217,,28,94.8,0,,194,2
correlational,66,0.0,,6,94.8,0,,200,0
population_level,66,0.0,,6,94.8,0,,200,0
expert_manual,66,2.7373,,17,94.8,0,,194,2
AURA,67,0.8883,36,16,94.8,0,,200,0
static,67,60.2493,,,0.2,17,,136,21
heuristic_adaptive,67,8.2521,,80,94.8,2,,195,3
correlational,67,0.0,0,11,94.8,0,,200,0
population_level,67,27.1227,,139,94.8,0,,195,3
expert_manual,67,2.5241,,38,94.8,0,,199,1
AURA,68,9.0143,,11,94.8,0,,192,2
static,68,28.5443,,11,80.6,5,,184,5
heuristic_adaptive,68,28.5443,,11,80.6,5,,184,5
correlational,68,0.0,,11,94.8,0,,200,0
population_level,68,0.0,,11,94.8,0,,200,0
expert_manual,68,27.6418,,11,80.6,5,,184,5
AURA,69,3.1634,31,42,26.9,1,,199,1
static,69,57.2238,,,8.8,13,,109,28
heuristic_adaptive,69,6.1542,,44,94.8,1,,191,3
correlational,69,4.1924,,11,94.8,0,,197,1
population_level,69,1.0331,,6,94.8,0,,197,1
expert_manual,69,57.2238,,,8.8,13,,109,28
AURA,70,0.4351,,6,94.8,0,,198,1
static,70,0.024,,6,94.8,0,,198,1
heuristic_adaptive,70,0.024,,6,94.8,0,,198,1
correlational,70,0.9607,,6,94.8,0,,198,1
population_level,70,0.0,,6,94.8,0,,198,1
expert_manual,70,0.2035,,6,94.8,0,,198,1
AURA,71,2.4185,,6,94.8,0,,200,0
static,71,61.9543,,,24.2,12,,157,14
heuristic_adaptive,71,6.2326,,48,94.8,1,,193,2
correlational,71,0.0,0,6,94.8,0,,200,0
population_level,71,44.6499,,,89.8,4,,177,7
expert_manual,71,3.7609,,21,94.8,0,,200,0
AURA,72,4.726,,11,94.8,0,,200,0
static,72,0.0,,6,94.8,0,,200,0
heuristic_adaptive,72,0.0,,6,94.8,0,,200,0
correlational,72,40.9498,,11,80.6,2,,174,8
population_level,72,0.0133,,6,94.8,0,,200,0
expert_manual,72,0.9373,,6,94.8,0,,200,0
AURA,73,0.6799,,6,94.8,0,,200,0
static,73,0.0,,6,94.8,0,,200,0
heuristic_adaptive,73,0.0,,6,94.8,0,,200,0
correlational,73,8.1507,,16,94.8,0,,200,0
population_level,73,29.0562,,16,94.8,0,,194,2
expert_manual,73,1.4675,,6,94.8,0,,200,0
AURA,74,2.6452,39,21,94.8,0,,200,0
static,74,1.8884,,6,94.8,0,,199,1
heuristic_adaptive,74,1.8884,,6,94.8,0,,199,1
correlational,74,1.8884,,6,94.8,0,,199,1
population_level,74,75.5585,,,94.8,10,,145,19
expert_manual,74,2.8256,,6,94.8,0,,199,1
AURA,75,0.0505,18,6,94.8,0,,200,0
static,75,53.9266,,,24.2,13,,161,15
heuristic_adaptive,75,2.2058,,62,94.8,1,,193,2
correlational,75,27.3605,,41,94.8,1,,188,4
population_level,75,36.5923,,96,94.8,0,,190,3
expert_manual,75,2.624,3,62,26.9,2,,194,2
AURA,76,3.3231,,17,94.8,0,,198,1
static,76,16.8647,,6,94.8,1,,192,3
heuristic_adaptive,76,26.0008,,6,94.8,1,,192,3
correlational,76,0.0,,6,94.8,0,,200,0
population_level,76,56.0963,,,16.4,17,,116,24
expert_manual,76,17.0941,,6,94.8,1,,192,3
AURA,77,12.0219,,11,94.8,0,,195,0
static,77,10.8005,,11,94.8,0,,200,0
heuristic_adaptive,77,10.8005,,11,94.8,0,,200,0
correlational,77,10.8005,,11,94.8,0,,200,0
population_level,77,32.9341,,,80.6,0,,189,4
expert_manual,77,13.9764,,37,94.8,0,,200,0
AURA,78,0.0,,6,94.8,0,,196,1
static,78,27.0961,,22,94.8,2,,192,4
heuristic_adaptive,78,10.2649,14,22,94.8,1,,196,3
correlational,78,0.0,,6,94.8,0,,196,1
population_level,78,0.0,,6,94.8,0,,196,1
expert_manual,78,1.0386,,11,94.8,0,,196,1
AURA,79,0.9613,21,22,94.8,0,,195,0
static,79,19.7018,,6,94.8,0,,195,2
heuristic_adaptive,79,19.7018,,6,94.8,0,,195,2
correlational,79,3.5916,,6,94.8,0,,200,0
population_level,79,59.4546,,,0.2,10,,144,18
expert_manual,79,19.9873,,6,94.8,0,,195,2
